g++ -fdiagnostics-color -Wall  -fno-omit-frame-pointer  -ftemplate-backtrace-limit=0 -flto=auto -std=c++17 -pthread -D_REENTRANT -Wno-sign-compare -Wno-ignored-attributes -Wno-class-memaccess      -I lib/tbb_2020.3/include    -O1  -I . -I lib/eigen_3.4.0 -I lib/boost_1.87.0 -I lib/sundials_6.1.1/include -I lib/sundials_6.1.1/src/sundials -I lib/benchmark_1.5.1/googletest/googletest/include -I lib/benchmark_1.5.1/googletest/googletest -I lib/benchmark_1.5.1/googletest/googletest/include -I lib/benchmark_1.5.1/googletest/googletest      -DBOOST_DISABLE_ASSERTS         -DGTEST_HAS_PTHREAD=0 -DGTEST_HAS_PTHREAD=0  -c -o test/unit/math/laplace/laplace_bernoulli_logit_rng_test.o test/unit/math/laplace/laplace_bernoulli_logit_rng_test.cpp
g++ -fdiagnostics-color -Wall  -fno-omit-frame-pointer  -ftemplate-backtrace-limit=0 -flto=auto -std=c++17 -pthread -D_REENTRANT -Wno-sign-compare -Wno-ignored-attributes -Wno-class-memaccess      -I lib/tbb_2020.3/include    -O1  -I . -I lib/eigen_3.4.0 -I lib/boost_1.87.0 -I lib/sundials_6.1.1/include -I lib/sundials_6.1.1/src/sundials -I lib/benchmark_1.5.1/googletest/googletest/include -I lib/benchmark_1.5.1/googletest/googletest -I lib/benchmark_1.5.1/googletest/googletest/include -I lib/benchmark_1.5.1/googletest/googletest      -DBOOST_DISABLE_ASSERTS         -DGTEST_HAS_PTHREAD=0 -DGTEST_HAS_PTHREAD=0  -c -o test/unit/math/laplace/laplace_marginal_bernoulli_logit_lpmf_test.o test/unit/math/laplace/laplace_marginal_bernoulli_logit_lpmf_test.cpp
g++ -fdiagnostics-color -Wall  -fno-omit-frame-pointer  -ftemplate-backtrace-limit=0 -flto=auto -std=c++17 -pthread -D_REENTRANT -Wno-sign-compare -Wno-ignored-attributes -Wno-class-memaccess      -I lib/tbb_2020.3/include    -O1  -I . -I lib/eigen_3.4.0 -I lib/boost_1.87.0 -I lib/sundials_6.1.1/include -I lib/sundials_6.1.1/src/sundials -I lib/benchmark_1.5.1/googletest/googletest/include -I lib/benchmark_1.5.1/googletest/googletest -I lib/benchmark_1.5.1/googletest/googletest/include -I lib/benchmark_1.5.1/googletest/googletest      -DBOOST_DISABLE_ASSERTS         -DGTEST_HAS_PTHREAD=0 -DGTEST_HAS_PTHREAD=0  -c -o test/unit/math/laplace/laplace_marginal_lpdf_moto_test.o test/unit/math/laplace/laplace_marginal_lpdf_moto_test.cpp
g++ -fdiagnostics-color -Wall  -fno-omit-frame-pointer  -ftemplate-backtrace-limit=0 -flto=auto -std=c++17 -pthread -D_REENTRANT -Wno-sign-compare -Wno-ignored-attributes -Wno-class-memaccess      -I lib/tbb_2020.3/include    -O1  -I . -I lib/eigen_3.4.0 -I lib/boost_1.87.0 -I lib/sundials_6.1.1/include -I lib/sundials_6.1.1/src/sundials -I lib/benchmark_1.5.1/googletest/googletest/include -I lib/benchmark_1.5.1/googletest/googletest -I lib/benchmark_1.5.1/googletest/googletest/include -I lib/benchmark_1.5.1/googletest/googletest      -DBOOST_DISABLE_ASSERTS         -DGTEST_HAS_PTHREAD=0 -DGTEST_HAS_PTHREAD=0  -c -o test/unit/math/laplace/laplace_marginal_lpdf_test.o test/unit/math/laplace/laplace_marginal_lpdf_test.cpp
g++ -fdiagnostics-color -Wall  -fno-omit-frame-pointer  -ftemplate-backtrace-limit=0 -flto=auto -std=c++17 -pthread -D_REENTRANT -Wno-sign-compare -Wno-ignored-attributes -Wno-class-memaccess      -I lib/tbb_2020.3/include    -O1  -I . -I lib/eigen_3.4.0 -I lib/boost_1.87.0 -I lib/sundials_6.1.1/include -I lib/sundials_6.1.1/src/sundials -I lib/benchmark_1.5.1/googletest/googletest/include -I lib/benchmark_1.5.1/googletest/googletest -I lib/benchmark_1.5.1/googletest/googletest/include -I lib/benchmark_1.5.1/googletest/googletest      -DBOOST_DISABLE_ASSERTS         -DGTEST_HAS_PTHREAD=0 -DGTEST_HAS_PTHREAD=0  -c -o test/unit/math/laplace/laplace_marginal_neg_binomial_log_lpmf_test.o test/unit/math/laplace/laplace_marginal_neg_binomial_log_lpmf_test.cpp
g++ -fdiagnostics-color -Wall  -fno-omit-frame-pointer  -ftemplate-backtrace-limit=0 -flto=auto -std=c++17 -pthread -D_REENTRANT -Wno-sign-compare -Wno-ignored-attributes -Wno-class-memaccess      -I lib/tbb_2020.3/include    -O1  -I . -I lib/eigen_3.4.0 -I lib/boost_1.87.0 -I lib/sundials_6.1.1/include -I lib/sundials_6.1.1/src/sundials -I lib/benchmark_1.5.1/googletest/googletest/include -I lib/benchmark_1.5.1/googletest/googletest -I lib/benchmark_1.5.1/googletest/googletest/include -I lib/benchmark_1.5.1/googletest/googletest      -DBOOST_DISABLE_ASSERTS         -DGTEST_HAS_PTHREAD=0 -DGTEST_HAS_PTHREAD=0  -c -o test/unit/math/laplace/laplace_marginal_neg_binomial_log_summary_lpmf_test.o test/unit/math/laplace/laplace_marginal_neg_binomial_log_summary_lpmf_test.cpp
g++ -fdiagnostics-color -Wall  -fno-omit-frame-pointer  -ftemplate-backtrace-limit=0 -flto=auto -std=c++17 -pthread -D_REENTRANT -Wno-sign-compare -Wno-ignored-attributes -Wno-class-memaccess      -I lib/tbb_2020.3/include    -O1  -I . -I lib/eigen_3.4.0 -I lib/boost_1.87.0 -I lib/sundials_6.1.1/include -I lib/sundials_6.1.1/src/sundials -I lib/benchmark_1.5.1/googletest/googletest/include -I lib/benchmark_1.5.1/googletest/googletest -I lib/benchmark_1.5.1/googletest/googletest/include -I lib/benchmark_1.5.1/googletest/googletest      -DBOOST_DISABLE_ASSERTS         -DGTEST_HAS_PTHREAD=0 -DGTEST_HAS_PTHREAD=0  -c -o test/unit/math/laplace/laplace_marginal_poisson_log_lpmf_test.o test/unit/math/laplace/laplace_marginal_poisson_log_lpmf_test.cpp
g++ -fdiagnostics-color -Wall  -fno-omit-frame-pointer  -ftemplate-backtrace-limit=0 -flto=auto -std=c++17 -pthread -D_REENTRANT -Wno-sign-compare -Wno-ignored-attributes -Wno-class-memaccess      -I lib/tbb_2020.3/include    -O1  -I . -I lib/eigen_3.4.0 -I lib/boost_1.87.0 -I lib/sundials_6.1.1/include -I lib/sundials_6.1.1/src/sundials -I lib/benchmark_1.5.1/googletest/googletest/include -I lib/benchmark_1.5.1/googletest/googletest -I lib/benchmark_1.5.1/googletest/googletest/include -I lib/benchmark_1.5.1/googletest/googletest      -DBOOST_DISABLE_ASSERTS         -DGTEST_HAS_PTHREAD=0 -DGTEST_HAS_PTHREAD=0  -c -o test/unit/math/laplace/laplace_neg_binomial_2_log_rng_test.o test/unit/math/laplace/laplace_neg_binomial_2_log_rng_test.cpp
g++ -fdiagnostics-color -Wall  -fno-omit-frame-pointer  -ftemplate-backtrace-limit=0 -flto=auto -std=c++17 -pthread -D_REENTRANT -Wno-sign-compare -Wno-ignored-attributes -Wno-class-memaccess      -I lib/tbb_2020.3/include    -O1  -I . -I lib/eigen_3.4.0 -I lib/boost_1.87.0 -I lib/sundials_6.1.1/include -I lib/sundials_6.1.1/src/sundials -I lib/benchmark_1.5.1/googletest/googletest/include -I lib/benchmark_1.5.1/googletest/googletest -I lib/benchmark_1.5.1/googletest/googletest/include -I lib/benchmark_1.5.1/googletest/googletest      -DBOOST_DISABLE_ASSERTS         -DGTEST_HAS_PTHREAD=0 -DGTEST_HAS_PTHREAD=0  -c -o test/unit/math/laplace/laplace_poisson_log_rng_test.o test/unit/math/laplace/laplace_poisson_log_rng_test.cpp
g++ -fdiagnostics-color -Wall  -fno-omit-frame-pointer  -ftemplate-backtrace-limit=0 -flto=auto -std=c++17 -pthread -D_REENTRANT -Wno-sign-compare -Wno-ignored-attributes -Wno-class-memaccess      -I lib/tbb_2020.3/include    -O1  -I . -I lib/eigen_3.4.0 -I lib/boost_1.87.0 -I lib/sundials_6.1.1/include -I lib/sundials_6.1.1/src/sundials -I lib/benchmark_1.5.1/googletest/googletest/include -I lib/benchmark_1.5.1/googletest/googletest -I lib/benchmark_1.5.1/googletest/googletest/include -I lib/benchmark_1.5.1/googletest/googletest      -DBOOST_DISABLE_ASSERTS         -DGTEST_HAS_PTHREAD=0 -DGTEST_HAS_PTHREAD=0  -c -o test/unit/math/laplace/laplace_types_test.o test/unit/math/laplace/laplace_types_test.cpp
g++ -fdiagnostics-color -Wall  -fno-omit-frame-pointer  -ftemplate-backtrace-limit=0 -flto=auto -std=c++17 -pthread -D_REENTRANT -Wno-sign-compare -Wno-ignored-attributes -Wno-class-memaccess      -I lib/tbb_2020.3/include    -O1  -I . -I lib/eigen_3.4.0 -I lib/boost_1.87.0 -I lib/sundials_6.1.1/include -I lib/sundials_6.1.1/src/sundials -I lib/benchmark_1.5.1/googletest/googletest/include -I lib/benchmark_1.5.1/googletest/googletest -I lib/benchmark_1.5.1/googletest/googletest/include -I lib/benchmark_1.5.1/googletest/googletest      -DBOOST_DISABLE_ASSERTS         -DGTEST_HAS_PTHREAD=0 -DGTEST_HAS_PTHREAD=0  -c -o test/unit/math/laplace/aki_ex_test.o test/unit/math/laplace/aki_ex_test.cpp
g++ -fdiagnostics-color -Wall  -fno-omit-frame-pointer  -ftemplate-backtrace-limit=0 -flto=auto -std=c++17 -pthread -D_REENTRANT -Wno-sign-compare -Wno-ignored-attributes -Wno-class-memaccess      -I lib/tbb_2020.3/include    -O1  -I . -I lib/eigen_3.4.0 -I lib/boost_1.87.0 -I lib/sundials_6.1.1/include -I lib/sundials_6.1.1/src/sundials -I lib/benchmark_1.5.1/googletest/googletest/include -I lib/benchmark_1.5.1/googletest/googletest -I lib/benchmark_1.5.1/googletest/googletest/include -I lib/benchmark_1.5.1/googletest/googletest      -DBOOST_DISABLE_ASSERTS         -DGTEST_HAS_PTHREAD=0 -DGTEST_HAS_PTHREAD=0  -c -o test/unit/math/laplace/wolfe_line_search_test.o test/unit/math/laplace/wolfe_line_search_test.cpp
In file included from [01m[Klib/tbb_2020.3/include/tbb/tbb_profiling.h:123[m[K,
                 from [01m[Klib/tbb_2020.3/include/tbb/task.h:36[m[K,
                 from [01m[Klib/tbb_2020.3/include/tbb/task_arena.h:23[m[K,
                 from [01m[K./stan/math/prim/core/init_threadpool_tbb.hpp:18[m[K,
                 from [01m[K./stan/math/prim/core.hpp:4[m[K,
                 from [01m[K./stan/math/fwd/fun/Eigen_NumTraits.hpp:5[m[K,
                 from [01m[K./stan/math/mix.hpp:4[m[K,
                 from [01m[K./test/unit/math/test_ad.hpp:4[m[K,
                 from [01m[Ktest/unit/math/laplace/laplace_marginal_neg_binomial_log_lpmf_test.cpp:2[m[K:
[01m[Klib/tbb_2020.3/include/tbb/atomic.h:422:24:[m[K [01;35m[Kwarning: [m[Ktemplate-id not allowed for constructor in C++20 [[01;35m[K-Wtemplate-id-cdtor[m[K]
  422 |     constexpr atomic<T>[01;35m[K([m[Kconst atomic<T>& rhs): internal::atomic_impl<T>(rhs) {}
      |                        [01;35m[K^[m[K
[01m[Klib/tbb_2020.3/include/tbb/atomic.h:422:24:[m[K [01;36m[Knote: [m[Kremove the '[01m[K< >[m[K'
[01m[Klib/tbb_2020.3/include/tbb/atomic.h:437:32:[m[K [01;35m[Kwarning: [m[Ktemplate-id not allowed for constructor in C++20 [[01;35m[K-Wtemplate-id-cdtor[m[K]
  437 |             constexpr atomic<T>[01;35m[K([m[Kconst atomic<T>& rhs):                                              \
      |                                [01;35m[K^[m[K
[01m[Klib/tbb_2020.3/include/tbb/atomic.h:454:1:[m[K [01;36m[Knote: [m[Kin expansion of macro '[01m[K__TBB_DECL_ATOMIC[m[K'
  454 | [01;36m[K__TBB_DECL_ATOMIC[m[K(__TBB_LONG_LONG)
      | [01;36m[K^~~~~~~~~~~~~~~~~[m[K
[01m[Klib/tbb_2020.3/include/tbb/atomic.h:437:32:[m[K [01;36m[Knote: [m[Kremove the '[01m[K< >[m[K'
  437 |             constexpr atomic<T>[01;36m[K([m[Kconst atomic<T>& rhs):                                              \
      |                                [01;36m[K^[m[K
[01m[Klib/tbb_2020.3/include/tbb/atomic.h:454:1:[m[K [01;36m[Knote: [m[Kin expansion of macro '[01m[K__TBB_DECL_ATOMIC[m[K'
  454 | [01;36m[K__TBB_DECL_ATOMIC[m[K(__TBB_LONG_LONG)
      | [01;36m[K^~~~~~~~~~~~~~~~~[m[K
[01m[Klib/tbb_2020.3/include/tbb/atomic.h:437:32:[m[K [01;35m[Kwarning: [m[Ktemplate-id not allowed for constructor in C++20 [[01;35m[K-Wtemplate-id-cdtor[m[K]
  437 |             constexpr atomic<T>[01;35m[K([m[Kconst atomic<T>& rhs):                                              \
      |                                [01;35m[K^[m[K
[01m[Klib/tbb_2020.3/include/tbb/atomic.h:455:1:[m[K [01;36m[Knote: [m[Kin expansion of macro '[01m[K__TBB_DECL_ATOMIC[m[K'
  455 | [01;36m[K__TBB_DECL_ATOMIC[m[K(unsigned __TBB_LONG_LONG)
      | [01;36m[K^~~~~~~~~~~~~~~~~[m[K
[01m[Klib/tbb_2020.3/include/tbb/atomic.h:437:32:[m[K [01;36m[Knote: [m[Kremove the '[01m[K< >[m[K'
  437 |             constexpr atomic<T>[01;36m[K([m[Kconst atomic<T>& rhs):                                              \
      |                                [01;36m[K^[m[K
[01m[Klib/tbb_2020.3/include/tbb/atomic.h:455:1:[m[K [01;36m[Knote: [m[Kin expansion of macro '[01m[K__TBB_DECL_ATOMIC[m[K'
  455 | [01;36m[K__TBB_DECL_ATOMIC[m[K(unsigned __TBB_LONG_LONG)
      | [01;36m[K^~~~~~~~~~~~~~~~~[m[K
[01m[Klib/tbb_2020.3/include/tbb/atomic.h:437:32:[m[K [01;35m[Kwarning: [m[Ktemplate-id not allowed for constructor in C++20 [[01;35m[K-Wtemplate-id-cdtor[m[K]
  437 |             constexpr atomic<T>[01;35m[K([m[Kconst atomic<T>& rhs):                                              \
      |                                [01;35m[K^[m[K
[01m[Klib/tbb_2020.3/include/tbb/atomic.h:459:1:[m[K [01;36m[Knote: [m[Kin expansion of macro '[01m[K__TBB_DECL_ATOMIC[m[K'
  459 | [01;36m[K__TBB_DECL_ATOMIC[m[K(long)
      | [01;36m[K^~~~~~~~~~~~~~~~~[m[K
[01m[Klib/tbb_2020.3/include/tbb/atomic.h:437:32:[m[K [01;36m[Knote: [m[Kremove the '[01m[K< >[m[K'
  437 |             constexpr atomic<T>[01;36m[K([m[Kconst atomic<T>& rhs):                                              \
      |                                [01;36m[K^[m[K
[01m[Klib/tbb_2020.3/include/tbb/atomic.h:459:1:[m[K [01;36m[Knote: [m[Kin expansion of macro '[01m[K__TBB_DECL_ATOMIC[m[K'
  459 | [01;36m[K__TBB_DECL_ATOMIC[m[K(long)
      | [01;36m[K^~~~~~~~~~~~~~~~~[m[K
[01m[Klib/tbb_2020.3/include/tbb/atomic.h:437:32:[m[K [01;35m[Kwarning: [m[Ktemplate-id not allowed for constructor in C++20 [[01;35m[K-Wtemplate-id-cdtor[m[K]
  437 |             constexpr atomic<T>[01;35m[K([m[Kconst atomic<T>& rhs):                                              \
      |                                [01;35m[K^[m[K
[01m[Klib/tbb_2020.3/include/tbb/atomic.h:460:1:[m[K [01;36m[Knote: [m[Kin expansion of macro '[01m[K__TBB_DECL_ATOMIC[m[K'
  460 | [01;36m[K__TBB_DECL_ATOMIC[m[K(unsigned long)
      | [01;36m[K^~~~~~~~~~~~~~~~~[m[K
[01m[Klib/tbb_2020.3/include/tbb/atomic.h:437:32:[m[K [01;36m[Knote: [m[Kremove the '[01m[K< >[m[K'
  437 |             constexpr atomic<T>[01;36m[K([m[Kconst atomic<T>& rhs):                                              \
      |                                [01;36m[K^[m[K
[01m[Klib/tbb_2020.3/include/tbb/atomic.h:460:1:[m[K [01;36m[Knote: [m[Kin expansion of macro '[01m[K__TBB_DECL_ATOMIC[m[K'
  460 | [01;36m[K__TBB_DECL_ATOMIC[m[K(unsigned long)
      | [01;36m[K^~~~~~~~~~~~~~~~~[m[K
[01m[Klib/tbb_2020.3/include/tbb/atomic.h:437:32:[m[K [01;35m[Kwarning: [m[Ktemplate-id not allowed for constructor in C++20 [[01;35m[K-Wtemplate-id-cdtor[m[K]
  437 |             constexpr atomic<T>[01;35m[K([m[Kconst atomic<T>& rhs):                                              \
      |                                [01;35m[K^[m[K
[01m[Klib/tbb_2020.3/include/tbb/atomic.h:491:1:[m[K [01;36m[Knote: [m[Kin expansion of macro '[01m[K__TBB_DECL_ATOMIC[m[K'
  491 | [01;36m[K__TBB_DECL_ATOMIC[m[K(unsigned)
      | [01;36m[K^~~~~~~~~~~~~~~~~[m[K
[01m[Klib/tbb_2020.3/include/tbb/atomic.h:437:32:[m[K [01;36m[Knote: [m[Kremove the '[01m[K< >[m[K'
  437 |             constexpr atomic<T>[01;36m[K([m[Kconst atomic<T>& rhs):                                              \
      |                                [01;36m[K^[m[K
[01m[Klib/tbb_2020.3/include/tbb/atomic.h:491:1:[m[K [01;36m[Knote: [m[Kin expansion of macro '[01m[K__TBB_DECL_ATOMIC[m[K'
  491 | [01;36m[K__TBB_DECL_ATOMIC[m[K(unsigned)
      | [01;36m[K^~~~~~~~~~~~~~~~~[m[K
[01m[Klib/tbb_2020.3/include/tbb/atomic.h:437:32:[m[K [01;35m[Kwarning: [m[Ktemplate-id not allowed for constructor in C++20 [[01;35m[K-Wtemplate-id-cdtor[m[K]
  437 |             constexpr atomic<T>[01;35m[K([m[Kconst atomic<T>& rhs):                                              \
      |                                [01;35m[K^[m[K
[01m[Klib/tbb_2020.3/include/tbb/atomic.h:492:1:[m[K [01;36m[Knote: [m[Kin expansion of macro '[01m[K__TBB_DECL_ATOMIC[m[K'
  492 | [01;36m[K__TBB_DECL_ATOMIC[m[K(int)
      | [01;36m[K^~~~~~~~~~~~~~~~~[m[K
[01m[Klib/tbb_2020.3/include/tbb/atomic.h:437:32:[m[K [01;36m[Knote: [m[Kremove the '[01m[K< >[m[K'
  437 |             constexpr atomic<T>[01;36m[K([m[Kconst atomic<T>& rhs):                                              \
      |                                [01;36m[K^[m[K
[01m[Klib/tbb_2020.3/include/tbb/atomic.h:492:1:[m[K [01;36m[Knote: [m[Kin expansion of macro '[01m[K__TBB_DECL_ATOMIC[m[K'
  492 | [01;36m[K__TBB_DECL_ATOMIC[m[K(int)
      | [01;36m[K^~~~~~~~~~~~~~~~~[m[K
[01m[Klib/tbb_2020.3/include/tbb/atomic.h:437:32:[m[K [01;35m[Kwarning: [m[Ktemplate-id not allowed for constructor in C++20 [[01;35m[K-Wtemplate-id-cdtor[m[K]
  437 |             constexpr atomic<T>[01;35m[K([m[Kconst atomic<T>& rhs):                                              \
      |                                [01;35m[K^[m[K
[01m[Klib/tbb_2020.3/include/tbb/atomic.h:495:1:[m[K [01;36m[Knote: [m[Kin expansion of macro '[01m[K__TBB_DECL_ATOMIC[m[K'
  495 | [01;36m[K__TBB_DECL_ATOMIC[m[K(unsigned short)
      | [01;36m[K^~~~~~~~~~~~~~~~~[m[K
[01m[Klib/tbb_2020.3/include/tbb/atomic.h:437:32:[m[K [01;36m[Knote: [m[Kremove the '[01m[K< >[m[K'
  437 |             constexpr atomic<T>[01;36m[K([m[Kconst atomic<T>& rhs):                                              \
      |                                [01;36m[K^[m[K
[01m[Klib/tbb_2020.3/include/tbb/atomic.h:495:1:[m[K [01;36m[Knote: [m[Kin expansion of macro '[01m[K__TBB_DECL_ATOMIC[m[K'
  495 | [01;36m[K__TBB_DECL_ATOMIC[m[K(unsigned short)
      | [01;36m[K^~~~~~~~~~~~~~~~~[m[K
[01m[Klib/tbb_2020.3/include/tbb/atomic.h:437:32:[m[K [01;35m[Kwarning: [m[Ktemplate-id not allowed for constructor in C++20 [[01;35m[K-Wtemplate-id-cdtor[m[K]
  437 |             constexpr atomic<T>[01;35m[K([m[Kconst atomic<T>& rhs):                                              \
      |                                [01;35m[K^[m[K
[01m[Klib/tbb_2020.3/include/tbb/atomic.h:496:1:[m[K [01;36m[Knote: [m[Kin expansion of macro '[01m[K__TBB_DECL_ATOMIC[m[K'
  496 | [01;36m[K__TBB_DECL_ATOMIC[m[K(short)
      | [01;36m[K^~~~~~~~~~~~~~~~~[m[K
[01m[Klib/tbb_2020.3/include/tbb/atomic.h:437:32:[m[K [01;36m[Knote: [m[Kremove the '[01m[K< >[m[K'
  437 |             constexpr atomic<T>[01;36m[K([m[Kconst atomic<T>& rhs):                                              \
      |                                [01;36m[K^[m[K
[01m[Klib/tbb_2020.3/include/tbb/atomic.h:496:1:[m[K [01;36m[Knote: [m[Kin expansion of macro '[01m[K__TBB_DECL_ATOMIC[m[K'
  496 | [01;36m[K__TBB_DECL_ATOMIC[m[K(short)
      | [01;36m[K^~~~~~~~~~~~~~~~~[m[K
[01m[Klib/tbb_2020.3/include/tbb/atomic.h:437:32:[m[K [01;35m[Kwarning: [m[Ktemplate-id not allowed for constructor in C++20 [[01;35m[K-Wtemplate-id-cdtor[m[K]
  437 |             constexpr atomic<T>[01;35m[K([m[Kconst atomic<T>& rhs):                                              \
      |                                [01;35m[K^[m[K
[01m[Klib/tbb_2020.3/include/tbb/atomic.h:497:1:[m[K [01;36m[Knote: [m[Kin expansion of macro '[01m[K__TBB_DECL_ATOMIC[m[K'
  497 | [01;36m[K__TBB_DECL_ATOMIC[m[K(char)
      | [01;36m[K^~~~~~~~~~~~~~~~~[m[K
[01m[Klib/tbb_2020.3/include/tbb/atomic.h:437:32:[m[K [01;36m[Knote: [m[Kremove the '[01m[K< >[m[K'
  437 |             constexpr atomic<T>[01;36m[K([m[Kconst atomic<T>& rhs):                                              \
      |                                [01;36m[K^[m[K
[01m[Klib/tbb_2020.3/include/tbb/atomic.h:497:1:[m[K [01;36m[Knote: [m[Kin expansion of macro '[01m[K__TBB_DECL_ATOMIC[m[K'
  497 | [01;36m[K__TBB_DECL_ATOMIC[m[K(char)
      | [01;36m[K^~~~~~~~~~~~~~~~~[m[K
[01m[Klib/tbb_2020.3/include/tbb/atomic.h:437:32:[m[K [01;35m[Kwarning: [m[Ktemplate-id not allowed for constructor in C++20 [[01;35m[K-Wtemplate-id-cdtor[m[K]
  437 |             constexpr atomic<T>[01;35m[K([m[Kconst atomic<T>& rhs):                                              \
      |                                [01;35m[K^[m[K
[01m[Klib/tbb_2020.3/include/tbb/atomic.h:498:1:[m[K [01;36m[Knote: [m[Kin expansion of macro '[01m[K__TBB_DECL_ATOMIC[m[K'
  498 | [01;36m[K__TBB_DECL_ATOMIC[m[K(signed char)
      | [01;36m[K^~~~~~~~~~~~~~~~~[m[K
[01m[Klib/tbb_2020.3/include/tbb/atomic.h:437:32:[m[K [01;36m[Knote: [m[Kremove the '[01m[K< >[m[K'
  437 |             constexpr atomic<T>[01;36m[K([m[Kconst atomic<T>& rhs):                                              \
      |                                [01;36m[K^[m[K
[01m[Klib/tbb_2020.3/include/tbb/atomic.h:498:1:[m[K [01;36m[Knote: [m[Kin expansion of macro '[01m[K__TBB_DECL_ATOMIC[m[K'
  498 | [01;36m[K__TBB_DECL_ATOMIC[m[K(signed char)
      | [01;36m[K^~~~~~~~~~~~~~~~~[m[K
[01m[Klib/tbb_2020.3/include/tbb/atomic.h:437:32:[m[K [01;35m[Kwarning: [m[Ktemplate-id not allowed for constructor in C++20 [[01;35m[K-Wtemplate-id-cdtor[m[K]
  437 |             constexpr atomic<T>[01;35m[K([m[Kconst atomic<T>& rhs):                                              \
      |                                [01;35m[K^[m[K
[01m[Klib/tbb_2020.3/include/tbb/atomic.h:499:1:[m[K [01;36m[Knote: [m[Kin expansion of macro '[01m[K__TBB_DECL_ATOMIC[m[K'
  499 | [01;36m[K__TBB_DECL_ATOMIC[m[K(unsigned char)
      | [01;36m[K^~~~~~~~~~~~~~~~~[m[K
[01m[Klib/tbb_2020.3/include/tbb/atomic.h:437:32:[m[K [01;36m[Knote: [m[Kremove the '[01m[K< >[m[K'
  437 |             constexpr atomic<T>[01;36m[K([m[Kconst atomic<T>& rhs):                                              \
      |                                [01;36m[K^[m[K
[01m[Klib/tbb_2020.3/include/tbb/atomic.h:499:1:[m[K [01;36m[Knote: [m[Kin expansion of macro '[01m[K__TBB_DECL_ATOMIC[m[K'
  499 | [01;36m[K__TBB_DECL_ATOMIC[m[K(unsigned char)
      | [01;36m[K^~~~~~~~~~~~~~~~~[m[K
[01m[Klib/tbb_2020.3/include/tbb/atomic.h:437:32:[m[K [01;35m[Kwarning: [m[Ktemplate-id not allowed for constructor in C++20 [[01;35m[K-Wtemplate-id-cdtor[m[K]
  437 |             constexpr atomic<T>[01;35m[K([m[Kconst atomic<T>& rhs):                                              \
      |                                [01;35m[K^[m[K
[01m[Klib/tbb_2020.3/include/tbb/atomic.h:502:1:[m[K [01;36m[Knote: [m[Kin expansion of macro '[01m[K__TBB_DECL_ATOMIC[m[K'
  502 | [01;36m[K__TBB_DECL_ATOMIC[m[K(wchar_t)
      | [01;36m[K^~~~~~~~~~~~~~~~~[m[K
[01m[Klib/tbb_2020.3/include/tbb/atomic.h:437:32:[m[K [01;36m[Knote: [m[Kremove the '[01m[K< >[m[K'
  437 |             constexpr atomic<T>[01;36m[K([m[Kconst atomic<T>& rhs):                                              \
      |                                [01;36m[K^[m[K
[01m[Klib/tbb_2020.3/include/tbb/atomic.h:502:1:[m[K [01;36m[Knote: [m[Kin expansion of macro '[01m[K__TBB_DECL_ATOMIC[m[K'
  502 | [01;36m[K__TBB_DECL_ATOMIC[m[K(wchar_t)
      | [01;36m[K^~~~~~~~~~~~~~~~~[m[K
In file included from [01m[Klib/tbb_2020.3/include/tbb/tbb_profiling.h:123[m[K,
                 from [01m[Klib/tbb_2020.3/include/tbb/task.h:36[m[K,
                 from [01m[Klib/tbb_2020.3/include/tbb/task_arena.h:23[m[K,
                 from [01m[K./stan/math/prim/core/init_threadpool_tbb.hpp:18[m[K,
                 from [01m[K./stan/math/prim/core.hpp:4[m[K,
                 from [01m[K./stan/math/rev/core/Eigen_NumTraits.hpp:5[m[K,
                 from [01m[K./stan/math/rev/core.hpp:4[m[K,
                 from [01m[K./stan/math/mix/functor/hessian_times_vector.hpp:5[m[K,
                 from [01m[K./stan/math/mix/functor/hessian_block_diag.hpp:5[m[K,
                 from [01m[K./stan/math/mix/functor/laplace_likelihood.hpp:4[m[K,
                 from [01m[K./stan/math/mix/functor/wolfe_line_search.hpp:5[m[K,
                 from [01m[Ktest/unit/math/laplace/wolfe_line_search_test.cpp:2[m[K:
[01m[Klib/tbb_2020.3/include/tbb/atomic.h:422:24:[m[K [01;35m[Kwarning: [m[Ktemplate-id not allowed for constructor in C++20 [[01;35m[K-Wtemplate-id-cdtor[m[K]
  422 |     constexpr atomic<T>[01;35m[K([m[Kconst atomic<T>& rhs): internal::atomic_impl<T>(rhs) {}
      |                        [01;35m[K^[m[K
[01m[Klib/tbb_2020.3/include/tbb/atomic.h:422:24:[m[K [01;36m[Knote: [m[Kremove the '[01m[K< >[m[K'
[01m[Klib/tbb_2020.3/include/tbb/atomic.h:437:32:[m[K [01;35m[Kwarning: [m[Ktemplate-id not allowed for constructor in C++20 [[01;35m[K-Wtemplate-id-cdtor[m[K]
  437 |             constexpr atomic<T>[01;35m[K([m[Kconst atomic<T>& rhs):                                              \
      |                                [01;35m[K^[m[K
[01m[Klib/tbb_2020.3/include/tbb/atomic.h:454:1:[m[K [01;36m[Knote: [m[Kin expansion of macro '[01m[K__TBB_DECL_ATOMIC[m[K'
  454 | [01;36m[K__TBB_DECL_ATOMIC[m[K(__TBB_LONG_LONG)
      | [01;36m[K^~~~~~~~~~~~~~~~~[m[K
[01m[Klib/tbb_2020.3/include/tbb/atomic.h:437:32:[m[K [01;36m[Knote: [m[Kremove the '[01m[K< >[m[K'
  437 |             constexpr atomic<T>[01;36m[K([m[Kconst atomic<T>& rhs):                                              \
      |                                [01;36m[K^[m[K
[01m[Klib/tbb_2020.3/include/tbb/atomic.h:454:1:[m[K [01;36m[Knote: [m[Kin expansion of macro '[01m[K__TBB_DECL_ATOMIC[m[K'
  454 | [01;36m[K__TBB_DECL_ATOMIC[m[K(__TBB_LONG_LONG)
      | [01;36m[K^~~~~~~~~~~~~~~~~[m[K
[01m[Klib/tbb_2020.3/include/tbb/atomic.h:437:32:[m[K [01;35m[Kwarning: [m[Ktemplate-id not allowed for constructor in C++20 [[01;35m[K-Wtemplate-id-cdtor[m[K]
  437 |             constexpr atomic<T>[01;35m[K([m[Kconst atomic<T>& rhs):                                              \
      |                                [01;35m[K^[m[K
[01m[Klib/tbb_2020.3/include/tbb/atomic.h:455:1:[m[K [01;36m[Knote: [m[Kin expansion of macro '[01m[K__TBB_DECL_ATOMIC[m[K'
  455 | [01;36m[K__TBB_DECL_ATOMIC[m[K(unsigned __TBB_LONG_LONG)
      | [01;36m[K^~~~~~~~~~~~~~~~~[m[K
[01m[Klib/tbb_2020.3/include/tbb/atomic.h:437:32:[m[K [01;36m[Knote: [m[Kremove the '[01m[K< >[m[K'
  437 |             constexpr atomic<T>[01;36m[K([m[Kconst atomic<T>& rhs):                                              \
      |                                [01;36m[K^[m[K
[01m[Klib/tbb_2020.3/include/tbb/atomic.h:455:1:[m[K [01;36m[Knote: [m[Kin expansion of macro '[01m[K__TBB_DECL_ATOMIC[m[K'
  455 | [01;36m[K__TBB_DECL_ATOMIC[m[K(unsigned __TBB_LONG_LONG)
      | [01;36m[K^~~~~~~~~~~~~~~~~[m[K
[01m[Klib/tbb_2020.3/include/tbb/atomic.h:437:32:[m[K [01;35m[Kwarning: [m[Ktemplate-id not allowed for constructor in C++20 [[01;35m[K-Wtemplate-id-cdtor[m[K]
  437 |             constexpr atomic<T>[01;35m[K([m[Kconst atomic<T>& rhs):                                              \
      |                                [01;35m[K^[m[K
[01m[Klib/tbb_2020.3/include/tbb/atomic.h:459:1:[m[K [01;36m[Knote: [m[Kin expansion of macro '[01m[K__TBB_DECL_ATOMIC[m[K'
  459 | [01;36m[K__TBB_DECL_ATOMIC[m[K(long)
      | [01;36m[K^~~~~~~~~~~~~~~~~[m[K
[01m[Klib/tbb_2020.3/include/tbb/atomic.h:437:32:[m[K [01;36m[Knote: [m[Kremove the '[01m[K< >[m[K'
  437 |             constexpr atomic<T>[01;36m[K([m[Kconst atomic<T>& rhs):                                              \
      |                                [01;36m[K^[m[K
[01m[Klib/tbb_2020.3/include/tbb/atomic.h:459:1:[m[K [01;36m[Knote: [m[Kin expansion of macro '[01m[K__TBB_DECL_ATOMIC[m[K'
  459 | [01;36m[K__TBB_DECL_ATOMIC[m[K(long)
      | [01;36m[K^~~~~~~~~~~~~~~~~[m[K
[01m[Klib/tbb_2020.3/include/tbb/atomic.h:437:32:[m[K [01;35m[Kwarning: [m[Ktemplate-id not allowed for constructor in C++20 [[01;35m[K-Wtemplate-id-cdtor[m[K]
  437 |             constexpr atomic<T>[01;35m[K([m[Kconst atomic<T>& rhs):                                              \
      |                                [01;35m[K^[m[K
[01m[Klib/tbb_2020.3/include/tbb/atomic.h:460:1:[m[K [01;36m[Knote: [m[Kin expansion of macro '[01m[K__TBB_DECL_ATOMIC[m[K'
  460 | [01;36m[K__TBB_DECL_ATOMIC[m[K(unsigned long)
      | [01;36m[K^~~~~~~~~~~~~~~~~[m[K
[01m[Klib/tbb_2020.3/include/tbb/atomic.h:437:32:[m[K [01;36m[Knote: [m[Kremove the '[01m[K< >[m[K'
  437 |             constexpr atomic<T>[01;36m[K([m[Kconst atomic<T>& rhs):                                              \
      |                                [01;36m[K^[m[K
[01m[Klib/tbb_2020.3/include/tbb/atomic.h:460:1:[m[K [01;36m[Knote: [m[Kin expansion of macro '[01m[K__TBB_DECL_ATOMIC[m[K'
  460 | [01;36m[K__TBB_DECL_ATOMIC[m[K(unsigned long)
      | [01;36m[K^~~~~~~~~~~~~~~~~[m[K
[01m[Klib/tbb_2020.3/include/tbb/atomic.h:437:32:[m[K [01;35m[Kwarning: [m[Ktemplate-id not allowed for constructor in C++20 [[01;35m[K-Wtemplate-id-cdtor[m[K]
  437 |             constexpr atomic<T>[01;35m[K([m[Kconst atomic<T>& rhs):                                              \
      |                                [01;35m[K^[m[K
[01m[Klib/tbb_2020.3/include/tbb/atomic.h:491:1:[m[K [01;36m[Knote: [m[Kin expansion of macro '[01m[K__TBB_DECL_ATOMIC[m[K'
  491 | [01;36m[K__TBB_DECL_ATOMIC[m[K(unsigned)
      | [01;36m[K^~~~~~~~~~~~~~~~~[m[K
[01m[Klib/tbb_2020.3/include/tbb/atomic.h:437:32:[m[K [01;36m[Knote: [m[Kremove the '[01m[K< >[m[K'
  437 |             constexpr atomic<T>[01;36m[K([m[Kconst atomic<T>& rhs):                                              \
      |                                [01;36m[K^[m[K
[01m[Klib/tbb_2020.3/include/tbb/atomic.h:491:1:[m[K [01;36m[Knote: [m[Kin expansion of macro '[01m[K__TBB_DECL_ATOMIC[m[K'
  491 | [01;36m[K__TBB_DECL_ATOMIC[m[K(unsigned)
      | [01;36m[K^~~~~~~~~~~~~~~~~[m[K
[01m[Klib/tbb_2020.3/include/tbb/atomic.h:437:32:[m[K [01;35m[Kwarning: [m[Ktemplate-id not allowed for constructor in C++20 [[01;35m[K-Wtemplate-id-cdtor[m[K]
  437 |             constexpr atomic<T>[01;35m[K([m[Kconst atomic<T>& rhs):                                              \
      |                                [01;35m[K^[m[K
[01m[Klib/tbb_2020.3/include/tbb/atomic.h:492:1:[m[K [01;36m[Knote: [m[Kin expansion of macro '[01m[K__TBB_DECL_ATOMIC[m[K'
  492 | [01;36m[K__TBB_DECL_ATOMIC[m[K(int)
      | [01;36m[K^~~~~~~~~~~~~~~~~[m[K
[01m[Klib/tbb_2020.3/include/tbb/atomic.h:437:32:[m[K [01;36m[Knote: [m[Kremove the '[01m[K< >[m[K'
  437 |             constexpr atomic<T>[01;36m[K([m[Kconst atomic<T>& rhs):                                              \
      |                                [01;36m[K^[m[K
[01m[Klib/tbb_2020.3/include/tbb/atomic.h:492:1:[m[K [01;36m[Knote: [m[Kin expansion of macro '[01m[K__TBB_DECL_ATOMIC[m[K'
  492 | [01;36m[K__TBB_DECL_ATOMIC[m[K(int)
      | [01;36m[K^~~~~~~~~~~~~~~~~[m[K
[01m[Klib/tbb_2020.3/include/tbb/atomic.h:437:32:[m[K [01;35m[Kwarning: [m[Ktemplate-id not allowed for constructor in C++20 [[01;35m[K-Wtemplate-id-cdtor[m[K]
  437 |             constexpr atomic<T>[01;35m[K([m[Kconst atomic<T>& rhs):                                              \
      |                                [01;35m[K^[m[K
[01m[Klib/tbb_2020.3/include/tbb/atomic.h:495:1:[m[K [01;36m[Knote: [m[Kin expansion of macro '[01m[K__TBB_DECL_ATOMIC[m[K'
  495 | [01;36m[K__TBB_DECL_ATOMIC[m[K(unsigned short)
      | [01;36m[K^~~~~~~~~~~~~~~~~[m[K
[01m[Klib/tbb_2020.3/include/tbb/atomic.h:437:32:[m[K [01;36m[Knote: [m[Kremove the '[01m[K< >[m[K'
  437 |             constexpr atomic<T>[01;36m[K([m[Kconst atomic<T>& rhs):                                              \
      |                                [01;36m[K^[m[K
[01m[Klib/tbb_2020.3/include/tbb/atomic.h:495:1:[m[K [01;36m[Knote: [m[Kin expansion of macro '[01m[K__TBB_DECL_ATOMIC[m[K'
  495 | [01;36m[K__TBB_DECL_ATOMIC[m[K(unsigned short)
      | [01;36m[K^~~~~~~~~~~~~~~~~[m[K
[01m[Klib/tbb_2020.3/include/tbb/atomic.h:437:32:[m[K [01;35m[Kwarning: [m[Ktemplate-id not allowed for constructor in C++20 [[01;35m[K-Wtemplate-id-cdtor[m[K]
  437 |             constexpr atomic<T>[01;35m[K([m[Kconst atomic<T>& rhs):                                              \
      |                                [01;35m[K^[m[K
[01m[Klib/tbb_2020.3/include/tbb/atomic.h:496:1:[m[K [01;36m[Knote: [m[Kin expansion of macro '[01m[K__TBB_DECL_ATOMIC[m[K'
  496 | [01;36m[K__TBB_DECL_ATOMIC[m[K(short)
      | [01;36m[K^~~~~~~~~~~~~~~~~[m[K
[01m[Klib/tbb_2020.3/include/tbb/atomic.h:437:32:[m[K [01;36m[Knote: [m[Kremove the '[01m[K< >[m[K'
  437 |             constexpr atomic<T>[01;36m[K([m[Kconst atomic<T>& rhs):                                              \
      |                                [01;36m[K^[m[K
[01m[Klib/tbb_2020.3/include/tbb/atomic.h:496:1:[m[K [01;36m[Knote: [m[Kin expansion of macro '[01m[K__TBB_DECL_ATOMIC[m[K'
  496 | [01;36m[K__TBB_DECL_ATOMIC[m[K(short)
      | [01;36m[K^~~~~~~~~~~~~~~~~[m[K
[01m[Klib/tbb_2020.3/include/tbb/atomic.h:437:32:[m[K [01;35m[Kwarning: [m[Ktemplate-id not allowed for constructor in C++20 [[01;35m[K-Wtemplate-id-cdtor[m[K]
  437 |             constexpr atomic<T>[01;35m[K([m[Kconst atomic<T>& rhs):                                              \
      |                                [01;35m[K^[m[K
[01m[Klib/tbb_2020.3/include/tbb/atomic.h:497:1:[m[K [01;36m[Knote: [m[Kin expansion of macro '[01m[K__TBB_DECL_ATOMIC[m[K'
  497 | [01;36m[K__TBB_DECL_ATOMIC[m[K(char)
      | [01;36m[K^~~~~~~~~~~~~~~~~[m[K
[01m[Klib/tbb_2020.3/include/tbb/atomic.h:437:32:[m[K [01;36m[Knote: [m[Kremove the '[01m[K< >[m[K'
  437 |             constexpr atomic<T>[01;36m[K([m[Kconst atomic<T>& rhs):                                              \
      |                                [01;36m[K^[m[K
[01m[Klib/tbb_2020.3/include/tbb/atomic.h:497:1:[m[K [01;36m[Knote: [m[Kin expansion of macro '[01m[K__TBB_DECL_ATOMIC[m[K'
  497 | [01;36m[K__TBB_DECL_ATOMIC[m[K(char)
      | [01;36m[K^~~~~~~~~~~~~~~~~[m[K
[01m[Klib/tbb_2020.3/include/tbb/atomic.h:437:32:[m[K [01;35m[Kwarning: [m[Ktemplate-id not allowed for constructor in C++20 [[01;35m[K-Wtemplate-id-cdtor[m[K]
  437 |             constexpr atomic<T>[01;35m[K([m[Kconst atomic<T>& rhs):                                              \
      |                                [01;35m[K^[m[K
[01m[Klib/tbb_2020.3/include/tbb/atomic.h:498:1:[m[K [01;36m[Knote: [m[Kin expansion of macro '[01m[K__TBB_DECL_ATOMIC[m[K'
  498 | [01;36m[K__TBB_DECL_ATOMIC[m[K(signed char)
      | [01;36m[K^~~~~~~~~~~~~~~~~[m[K
[01m[Klib/tbb_2020.3/include/tbb/atomic.h:437:32:[m[K [01;36m[Knote: [m[Kremove the '[01m[K< >[m[K'
  437 |             constexpr atomic<T>[01;36m[K([m[Kconst atomic<T>& rhs):                                              \
      |                                [01;36m[K^[m[K
[01m[Klib/tbb_2020.3/include/tbb/atomic.h:498:1:[m[K [01;36m[Knote: [m[Kin expansion of macro '[01m[K__TBB_DECL_ATOMIC[m[K'
  498 | [01;36m[K__TBB_DECL_ATOMIC[m[K(signed char)
      | [01;36m[K^~~~~~~~~~~~~~~~~[m[K
[01m[Klib/tbb_2020.3/include/tbb/atomic.h:437:32:[m[K [01;35m[Kwarning: [m[Ktemplate-id not allowed for constructor in C++20 [[01;35m[K-Wtemplate-id-cdtor[m[K]
  437 |             constexpr atomic<T>[01;35m[K([m[Kconst atomic<T>& rhs):                                              \
      |                                [01;35m[K^[m[K
[01m[Klib/tbb_2020.3/include/tbb/atomic.h:499:1:[m[K [01;36m[Knote: [m[Kin expansion of macro '[01m[K__TBB_DECL_ATOMIC[m[K'
  499 | [01;36m[K__TBB_DECL_ATOMIC[m[K(unsigned char)
      | [01;36m[K^~~~~~~~~~~~~~~~~[m[K
[01m[Klib/tbb_2020.3/include/tbb/atomic.h:437:32:[m[K [01;36m[Knote: [m[Kremove the '[01m[K< >[m[K'
  437 |             constexpr atomic<T>[01;36m[K([m[Kconst atomic<T>& rhs):                                              \
      |                                [01;36m[K^[m[K
[01m[Klib/tbb_2020.3/include/tbb/atomic.h:499:1:[m[K [01;36m[Knote: [m[Kin expansion of macro '[01m[K__TBB_DECL_ATOMIC[m[K'
  499 | [01;36m[K__TBB_DECL_ATOMIC[m[K(unsigned char)
      | [01;36m[K^~~~~~~~~~~~~~~~~[m[K
[01m[Klib/tbb_2020.3/include/tbb/atomic.h:437:32:[m[K [01;35m[Kwarning: [m[Ktemplate-id not allowed for constructor in C++20 [[01;35m[K-Wtemplate-id-cdtor[m[K]
  437 |             constexpr atomic<T>[01;35m[K([m[Kconst atomic<T>& rhs):                                              \
      |                                [01;35m[K^[m[K
[01m[Klib/tbb_2020.3/include/tbb/atomic.h:502:1:[m[K [01;36m[Knote: [m[Kin expansion of macro '[01m[K__TBB_DECL_ATOMIC[m[K'
  502 | [01;36m[K__TBB_DECL_ATOMIC[m[K(wchar_t)
      | [01;36m[K^~~~~~~~~~~~~~~~~[m[K
[01m[Klib/tbb_2020.3/include/tbb/atomic.h:437:32:[m[K [01;36m[Knote: [m[Kremove the '[01m[K< >[m[K'
  437 |             constexpr atomic<T>[01;36m[K([m[Kconst atomic<T>& rhs):                                              \
      |                                [01;36m[K^[m[K
[01m[Klib/tbb_2020.3/include/tbb/atomic.h:502:1:[m[K [01;36m[Knote: [m[Kin expansion of macro '[01m[K__TBB_DECL_ATOMIC[m[K'
  502 | [01;36m[K__TBB_DECL_ATOMIC[m[K(wchar_t)
      | [01;36m[K^~~~~~~~~~~~~~~~~[m[K
In file included from [01m[Klib/tbb_2020.3/include/tbb/tbb_profiling.h:123[m[K,
                 from [01m[Klib/tbb_2020.3/include/tbb/task.h:36[m[K,
                 from [01m[Klib/tbb_2020.3/include/tbb/task_arena.h:23[m[K,
                 from [01m[K./stan/math/prim/core/init_threadpool_tbb.hpp:18[m[K,
                 from [01m[K./stan/math/prim/core.hpp:4[m[K,
                 from [01m[K./stan/math/fwd/fun/Eigen_NumTraits.hpp:5[m[K,
                 from [01m[K./stan/math/mix.hpp:4[m[K,
                 from [01m[K./test/unit/math/test_ad.hpp:4[m[K,
                 from [01m[Ktest/unit/math/laplace/aki_ex_test.cpp:1[m[K:
[01m[Klib/tbb_2020.3/include/tbb/atomic.h:422:24:[m[K [01;35m[Kwarning: [m[Ktemplate-id not allowed for constructor in C++20 [[01;35m[K-Wtemplate-id-cdtor[m[K]
  422 |     constexpr atomic<T>[01;35m[K([m[Kconst atomic<T>& rhs): internal::atomic_impl<T>(rhs) {}
      |                        [01;35m[K^[m[K
[01m[Klib/tbb_2020.3/include/tbb/atomic.h:422:24:[m[K [01;36m[Knote: [m[Kremove the '[01m[K< >[m[K'
[01m[Klib/tbb_2020.3/include/tbb/atomic.h:437:32:[m[K [01;35m[Kwarning: [m[Ktemplate-id not allowed for constructor in C++20 [[01;35m[K-Wtemplate-id-cdtor[m[K]
  437 |             constexpr atomic<T>[01;35m[K([m[Kconst atomic<T>& rhs):                                              \
      |                                [01;35m[K^[m[K
[01m[Klib/tbb_2020.3/include/tbb/atomic.h:454:1:[m[K [01;36m[Knote: [m[Kin expansion of macro '[01m[K__TBB_DECL_ATOMIC[m[K'
  454 | [01;36m[K__TBB_DECL_ATOMIC[m[K(__TBB_LONG_LONG)
      | [01;36m[K^~~~~~~~~~~~~~~~~[m[K
[01m[Klib/tbb_2020.3/include/tbb/atomic.h:437:32:[m[K [01;36m[Knote: [m[Kremove the '[01m[K< >[m[K'
  437 |             constexpr atomic<T>[01;36m[K([m[Kconst atomic<T>& rhs):                                              \
      |                                [01;36m[K^[m[K
[01m[Klib/tbb_2020.3/include/tbb/atomic.h:454:1:[m[K [01;36m[Knote: [m[Kin expansion of macro '[01m[K__TBB_DECL_ATOMIC[m[K'
  454 | [01;36m[K__TBB_DECL_ATOMIC[m[K(__TBB_LONG_LONG)
      | [01;36m[K^~~~~~~~~~~~~~~~~[m[K
[01m[Klib/tbb_2020.3/include/tbb/atomic.h:437:32:[m[K [01;35m[Kwarning: [m[Ktemplate-id not allowed for constructor in C++20 [[01;35m[K-Wtemplate-id-cdtor[m[K]
  437 |             constexpr atomic<T>[01;35m[K([m[Kconst atomic<T>& rhs):                                              \
      |                                [01;35m[K^[m[K
[01m[Klib/tbb_2020.3/include/tbb/atomic.h:455:1:[m[K [01;36m[Knote: [m[Kin expansion of macro '[01m[K__TBB_DECL_ATOMIC[m[K'
  455 | [01;36m[K__TBB_DECL_ATOMIC[m[K(unsigned __TBB_LONG_LONG)
      | [01;36m[K^~~~~~~~~~~~~~~~~[m[K
[01m[Klib/tbb_2020.3/include/tbb/atomic.h:437:32:[m[K [01;36m[Knote: [m[Kremove the '[01m[K< >[m[K'
  437 |             constexpr atomic<T>[01;36m[K([m[Kconst atomic<T>& rhs):                                              \
      |                                [01;36m[K^[m[K
[01m[Klib/tbb_2020.3/include/tbb/atomic.h:455:1:[m[K [01;36m[Knote: [m[Kin expansion of macro '[01m[K__TBB_DECL_ATOMIC[m[K'
  455 | [01;36m[K__TBB_DECL_ATOMIC[m[K(unsigned __TBB_LONG_LONG)
      | [01;36m[K^~~~~~~~~~~~~~~~~[m[K
[01m[Klib/tbb_2020.3/include/tbb/atomic.h:437:32:[m[K [01;35m[Kwarning: [m[Ktemplate-id not allowed for constructor in C++20 [[01;35m[K-Wtemplate-id-cdtor[m[K]
  437 |             constexpr atomic<T>[01;35m[K([m[Kconst atomic<T>& rhs):                                              \
      |                                [01;35m[K^[m[K
[01m[Klib/tbb_2020.3/include/tbb/atomic.h:459:1:[m[K [01;36m[Knote: [m[Kin expansion of macro '[01m[K__TBB_DECL_ATOMIC[m[K'
  459 | [01;36m[K__TBB_DECL_ATOMIC[m[K(long)
      | [01;36m[K^~~~~~~~~~~~~~~~~[m[K
[01m[Klib/tbb_2020.3/include/tbb/atomic.h:437:32:[m[K [01;36m[Knote: [m[Kremove the '[01m[K< >[m[K'
  437 |             constexpr atomic<T>[01;36m[K([m[Kconst atomic<T>& rhs):                                              \
      |                                [01;36m[K^[m[K
[01m[Klib/tbb_2020.3/include/tbb/atomic.h:459:1:[m[K [01;36m[Knote: [m[Kin expansion of macro '[01m[K__TBB_DECL_ATOMIC[m[K'
  459 | [01;36m[K__TBB_DECL_ATOMIC[m[K(long)
      | [01;36m[K^~~~~~~~~~~~~~~~~[m[K
[01m[Klib/tbb_2020.3/include/tbb/atomic.h:437:32:[m[K [01;35m[Kwarning: [m[Ktemplate-id not allowed for constructor in C++20 [[01;35m[K-Wtemplate-id-cdtor[m[K]
  437 |             constexpr atomic<T>[01;35m[K([m[Kconst atomic<T>& rhs):                                              \
      |                                [01;35m[K^[m[K
[01m[Klib/tbb_2020.3/include/tbb/atomic.h:460:1:[m[K [01;36m[Knote: [m[Kin expansion of macro '[01m[K__TBB_DECL_ATOMIC[m[K'
  460 | [01;36m[K__TBB_DECL_ATOMIC[m[K(unsigned long)
      | [01;36m[K^~~~~~~~~~~~~~~~~[m[K
[01m[Klib/tbb_2020.3/include/tbb/atomic.h:437:32:[m[K [01;36m[Knote: [m[Kremove the '[01m[K< >[m[K'
  437 |             constexpr atomic<T>[01;36m[K([m[Kconst atomic<T>& rhs):                                              \
      |                                [01;36m[K^[m[K
[01m[Klib/tbb_2020.3/include/tbb/atomic.h:460:1:[m[K [01;36m[Knote: [m[Kin expansion of macro '[01m[K__TBB_DECL_ATOMIC[m[K'
  460 | [01;36m[K__TBB_DECL_ATOMIC[m[K(unsigned long)
      | [01;36m[K^~~~~~~~~~~~~~~~~[m[K
[01m[Klib/tbb_2020.3/include/tbb/atomic.h:437:32:[m[K [01;35m[Kwarning: [m[Ktemplate-id not allowed for constructor in C++20 [[01;35m[K-Wtemplate-id-cdtor[m[K]
  437 |             constexpr atomic<T>[01;35m[K([m[Kconst atomic<T>& rhs):                                              \
      |                                [01;35m[K^[m[K
[01m[Klib/tbb_2020.3/include/tbb/atomic.h:491:1:[m[K [01;36m[Knote: [m[Kin expansion of macro '[01m[K__TBB_DECL_ATOMIC[m[K'
  491 | [01;36m[K__TBB_DECL_ATOMIC[m[K(unsigned)
      | [01;36m[K^~~~~~~~~~~~~~~~~[m[K
[01m[Klib/tbb_2020.3/include/tbb/atomic.h:437:32:[m[K [01;36m[Knote: [m[Kremove the '[01m[K< >[m[K'
  437 |             constexpr atomic<T>[01;36m[K([m[Kconst atomic<T>& rhs):                                              \
      |                                [01;36m[K^[m[K
[01m[Klib/tbb_2020.3/include/tbb/atomic.h:491:1:[m[K [01;36m[Knote: [m[Kin expansion of macro '[01m[K__TBB_DECL_ATOMIC[m[K'
  491 | [01;36m[K__TBB_DECL_ATOMIC[m[K(unsigned)
      | [01;36m[K^~~~~~~~~~~~~~~~~[m[K
[01m[Klib/tbb_2020.3/include/tbb/atomic.h:437:32:[m[K [01;35m[Kwarning: [m[Ktemplate-id not allowed for constructor in C++20 [[01;35m[K-Wtemplate-id-cdtor[m[K]
  437 |             constexpr atomic<T>[01;35m[K([m[Kconst atomic<T>& rhs):                                              \
      |                                [01;35m[K^[m[K
[01m[Klib/tbb_2020.3/include/tbb/atomic.h:492:1:[m[K [01;36m[Knote: [m[Kin expansion of macro '[01m[K__TBB_DECL_ATOMIC[m[K'
  492 | [01;36m[K__TBB_DECL_ATOMIC[m[K(int)
      | [01;36m[K^~~~~~~~~~~~~~~~~[m[K
[01m[Klib/tbb_2020.3/include/tbb/atomic.h:437:32:[m[K [01;36m[Knote: [m[Kremove the '[01m[K< >[m[K'
  437 |             constexpr atomic<T>[01;36m[K([m[Kconst atomic<T>& rhs):                                              \
      |                                [01;36m[K^[m[K
[01m[Klib/tbb_2020.3/include/tbb/atomic.h:492:1:[m[K [01;36m[Knote: [m[Kin expansion of macro '[01m[K__TBB_DECL_ATOMIC[m[K'
  492 | [01;36m[K__TBB_DECL_ATOMIC[m[K(int)
      | [01;36m[K^~~~~~~~~~~~~~~~~[m[K
[01m[Klib/tbb_2020.3/include/tbb/atomic.h:437:32:[m[K [01;35m[Kwarning: [m[Ktemplate-id not allowed for constructor in C++20 [[01;35m[K-Wtemplate-id-cdtor[m[K]
  437 |             constexpr atomic<T>[01;35m[K([m[Kconst atomic<T>& rhs):                                              \
      |                                [01;35m[K^[m[K
[01m[Klib/tbb_2020.3/include/tbb/atomic.h:495:1:[m[K [01;36m[Knote: [m[Kin expansion of macro '[01m[K__TBB_DECL_ATOMIC[m[K'
  495 | [01;36m[K__TBB_DECL_ATOMIC[m[K(unsigned short)
      | [01;36m[K^~~~~~~~~~~~~~~~~[m[K
[01m[Klib/tbb_2020.3/include/tbb/atomic.h:437:32:[m[K [01;36m[Knote: [m[Kremove the '[01m[K< >[m[K'
  437 |             constexpr atomic<T>[01;36m[K([m[Kconst atomic<T>& rhs):                                              \
      |                                [01;36m[K^[m[K
[01m[Klib/tbb_2020.3/include/tbb/atomic.h:495:1:[m[K [01;36m[Knote: [m[Kin expansion of macro '[01m[K__TBB_DECL_ATOMIC[m[K'
  495 | [01;36m[K__TBB_DECL_ATOMIC[m[K(unsigned short)
      | [01;36m[K^~~~~~~~~~~~~~~~~[m[K
[01m[Klib/tbb_2020.3/include/tbb/atomic.h:437:32:[m[K [01;35m[Kwarning: [m[Ktemplate-id not allowed for constructor in C++20 [[01;35m[K-Wtemplate-id-cdtor[m[K]
  437 |             constexpr atomic<T>[01;35m[K([m[Kconst atomic<T>& rhs):                                              \
      |                                [01;35m[K^[m[K
[01m[Klib/tbb_2020.3/include/tbb/atomic.h:496:1:[m[K [01;36m[Knote: [m[Kin expansion of macro '[01m[K__TBB_DECL_ATOMIC[m[K'
  496 | [01;36m[K__TBB_DECL_ATOMIC[m[K(short)
      | [01;36m[K^~~~~~~~~~~~~~~~~[m[K
[01m[Klib/tbb_2020.3/include/tbb/atomic.h:437:32:[m[K [01;36m[Knote: [m[Kremove the '[01m[K< >[m[K'
  437 |             constexpr atomic<T>[01;36m[K([m[Kconst atomic<T>& rhs):                                              \
      |                                [01;36m[K^[m[K
[01m[Klib/tbb_2020.3/include/tbb/atomic.h:496:1:[m[K [01;36m[Knote: [m[Kin expansion of macro '[01m[K__TBB_DECL_ATOMIC[m[K'
  496 | [01;36m[K__TBB_DECL_ATOMIC[m[K(short)
      | [01;36m[K^~~~~~~~~~~~~~~~~[m[K
[01m[Klib/tbb_2020.3/include/tbb/atomic.h:437:32:[m[K [01;35m[Kwarning: [m[Ktemplate-id not allowed for constructor in C++20 [[01;35m[K-Wtemplate-id-cdtor[m[K]
  437 |             constexpr atomic<T>[01;35m[K([m[Kconst atomic<T>& rhs):                                              \
      |                                [01;35m[K^[m[K
[01m[Klib/tbb_2020.3/include/tbb/atomic.h:497:1:[m[K [01;36m[Knote: [m[Kin expansion of macro '[01m[K__TBB_DECL_ATOMIC[m[K'
  497 | [01;36m[K__TBB_DECL_ATOMIC[m[K(char)
      | [01;36m[K^~~~~~~~~~~~~~~~~[m[K
[01m[Klib/tbb_2020.3/include/tbb/atomic.h:437:32:[m[K [01;36m[Knote: [m[Kremove the '[01m[K< >[m[K'
  437 |             constexpr atomic<T>[01;36m[K([m[Kconst atomic<T>& rhs):                                              \
      |                                [01;36m[K^[m[K
[01m[Klib/tbb_2020.3/include/tbb/atomic.h:497:1:[m[K [01;36m[Knote: [m[Kin expansion of macro '[01m[K__TBB_DECL_ATOMIC[m[K'
  497 | [01;36m[K__TBB_DECL_ATOMIC[m[K(char)
      | [01;36m[K^~~~~~~~~~~~~~~~~[m[K
[01m[Klib/tbb_2020.3/include/tbb/atomic.h:437:32:[m[K [01;35m[Kwarning: [m[Ktemplate-id not allowed for constructor in C++20 [[01;35m[K-Wtemplate-id-cdtor[m[K]
  437 |             constexpr atomic<T>[01;35m[K([m[Kconst atomic<T>& rhs):                                              \
      |                                [01;35m[K^[m[K
[01m[Klib/tbb_2020.3/include/tbb/atomic.h:498:1:[m[K [01;36m[Knote: [m[Kin expansion of macro '[01m[K__TBB_DECL_ATOMIC[m[K'
  498 | [01;36m[K__TBB_DECL_ATOMIC[m[K(signed char)
      | [01;36m[K^~~~~~~~~~~~~~~~~[m[K
[01m[Klib/tbb_2020.3/include/tbb/atomic.h:437:32:[m[K [01;36m[Knote: [m[Kremove the '[01m[K< >[m[K'
  437 |             constexpr atomic<T>[01;36m[K([m[Kconst atomic<T>& rhs):                                              \
      |                                [01;36m[K^[m[K
[01m[Klib/tbb_2020.3/include/tbb/atomic.h:498:1:[m[K [01;36m[Knote: [m[Kin expansion of macro '[01m[K__TBB_DECL_ATOMIC[m[K'
  498 | [01;36m[K__TBB_DECL_ATOMIC[m[K(signed char)
      | [01;36m[K^~~~~~~~~~~~~~~~~[m[K
[01m[Klib/tbb_2020.3/include/tbb/atomic.h:437:32:[m[K [01;35m[Kwarning: [m[Ktemplate-id not allowed for constructor in C++20 [[01;35m[K-Wtemplate-id-cdtor[m[K]
  437 |             constexpr atomic<T>[01;35m[K([m[Kconst atomic<T>& rhs):                                              \
      |                                [01;35m[K^[m[K
[01m[Klib/tbb_2020.3/include/tbb/atomic.h:499:1:[m[K [01;36m[Knote: [m[Kin expansion of macro '[01m[K__TBB_DECL_ATOMIC[m[K'
  499 | [01;36m[K__TBB_DECL_ATOMIC[m[K(unsigned char)
      | [01;36m[K^~~~~~~~~~~~~~~~~[m[K
[01m[Klib/tbb_2020.3/include/tbb/atomic.h:437:32:[m[K [01;36m[Knote: [m[Kremove the '[01m[K< >[m[K'
  437 |             constexpr atomic<T>[01;36m[K([m[Kconst atomic<T>& rhs):                                              \
      |                                [01;36m[K^[m[K
[01m[Klib/tbb_2020.3/include/tbb/atomic.h:499:1:[m[K [01;36m[Knote: [m[Kin expansion of macro '[01m[K__TBB_DECL_ATOMIC[m[K'
  499 | [01;36m[K__TBB_DECL_ATOMIC[m[K(unsigned char)
      | [01;36m[K^~~~~~~~~~~~~~~~~[m[K
[01m[Klib/tbb_2020.3/include/tbb/atomic.h:437:32:[m[K [01;35m[Kwarning: [m[Ktemplate-id not allowed for constructor in C++20 [[01;35m[K-Wtemplate-id-cdtor[m[K]
  437 |             constexpr atomic<T>[01;35m[K([m[Kconst atomic<T>& rhs):                                              \
      |                                [01;35m[K^[m[K
[01m[Klib/tbb_2020.3/include/tbb/atomic.h:502:1:[m[K [01;36m[Knote: [m[Kin expansion of macro '[01m[K__TBB_DECL_ATOMIC[m[K'
  502 | [01;36m[K__TBB_DECL_ATOMIC[m[K(wchar_t)
      | [01;36m[K^~~~~~~~~~~~~~~~~[m[K
[01m[Klib/tbb_2020.3/include/tbb/atomic.h:437:32:[m[K [01;36m[Knote: [m[Kremove the '[01m[K< >[m[K'
  437 |             constexpr atomic<T>[01;36m[K([m[Kconst atomic<T>& rhs):                                              \
      |                                [01;36m[K^[m[K
[01m[Klib/tbb_2020.3/include/tbb/atomic.h:502:1:[m[K [01;36m[Knote: [m[Kin expansion of macro '[01m[K__TBB_DECL_ATOMIC[m[K'
  502 | [01;36m[K__TBB_DECL_ATOMIC[m[K(wchar_t)
      | [01;36m[K^~~~~~~~~~~~~~~~~[m[K
In file included from [01m[Klib/tbb_2020.3/include/tbb/tbb_profiling.h:123[m[K,
                 from [01m[Klib/tbb_2020.3/include/tbb/task.h:36[m[K,
                 from [01m[Klib/tbb_2020.3/include/tbb/task_arena.h:23[m[K,
                 from [01m[K./stan/math/prim/core/init_threadpool_tbb.hpp:18[m[K,
                 from [01m[K./stan/math/prim/core.hpp:4[m[K,
                 from [01m[K./stan/math/fwd/fun/Eigen_NumTraits.hpp:5[m[K,
                 from [01m[K./stan/math/mix.hpp:4[m[K,
                 from [01m[K./test/unit/math/test_ad.hpp:4[m[K,
                 from [01m[Ktest/unit/math/laplace/laplace_marginal_lpdf_test.cpp:1[m[K:
[01m[Klib/tbb_2020.3/include/tbb/atomic.h:422:24:[m[K [01;35m[Kwarning: [m[Ktemplate-id not allowed for constructor in C++20 [[01;35m[K-Wtemplate-id-cdtor[m[K]
  422 |     constexpr atomic<T>[01;35m[K([m[Kconst atomic<T>& rhs): internal::atomic_impl<T>(rhs) {}
      |                        [01;35m[K^[m[K
[01m[Klib/tbb_2020.3/include/tbb/atomic.h:422:24:[m[K [01;36m[Knote: [m[Kremove the '[01m[K< >[m[K'
[01m[Klib/tbb_2020.3/include/tbb/atomic.h:437:32:[m[K [01;35m[Kwarning: [m[Ktemplate-id not allowed for constructor in C++20 [[01;35m[K-Wtemplate-id-cdtor[m[K]
  437 |             constexpr atomic<T>[01;35m[K([m[Kconst atomic<T>& rhs):                                              \
      |                                [01;35m[K^[m[K
[01m[Klib/tbb_2020.3/include/tbb/atomic.h:454:1:[m[K [01;36m[Knote: [m[Kin expansion of macro '[01m[K__TBB_DECL_ATOMIC[m[K'
  454 | [01;36m[K__TBB_DECL_ATOMIC[m[K(__TBB_LONG_LONG)
      | [01;36m[K^~~~~~~~~~~~~~~~~[m[K
[01m[Klib/tbb_2020.3/include/tbb/atomic.h:437:32:[m[K [01;36m[Knote: [m[Kremove the '[01m[K< >[m[K'
  437 |             constexpr atomic<T>[01;36m[K([m[Kconst atomic<T>& rhs):                                              \
      |                                [01;36m[K^[m[K
[01m[Klib/tbb_2020.3/include/tbb/atomic.h:454:1:[m[K [01;36m[Knote: [m[Kin expansion of macro '[01m[K__TBB_DECL_ATOMIC[m[K'
  454 | [01;36m[K__TBB_DECL_ATOMIC[m[K(__TBB_LONG_LONG)
      | [01;36m[K^~~~~~~~~~~~~~~~~[m[K
[01m[Klib/tbb_2020.3/include/tbb/atomic.h:437:32:[m[K [01;35m[Kwarning: [m[Ktemplate-id not allowed for constructor in C++20 [[01;35m[K-Wtemplate-id-cdtor[m[K]
  437 |             constexpr atomic<T>[01;35m[K([m[Kconst atomic<T>& rhs):                                              \
      |                                [01;35m[K^[m[K
[01m[Klib/tbb_2020.3/include/tbb/atomic.h:455:1:[m[K [01;36m[Knote: [m[Kin expansion of macro '[01m[K__TBB_DECL_ATOMIC[m[K'
  455 | [01;36m[K__TBB_DECL_ATOMIC[m[K(unsigned __TBB_LONG_LONG)
      | [01;36m[K^~~~~~~~~~~~~~~~~[m[K
[01m[Klib/tbb_2020.3/include/tbb/atomic.h:437:32:[m[K [01;36m[Knote: [m[Kremove the '[01m[K< >[m[K'
  437 |             constexpr atomic<T>[01;36m[K([m[Kconst atomic<T>& rhs):                                              \
      |                                [01;36m[K^[m[K
[01m[Klib/tbb_2020.3/include/tbb/atomic.h:455:1:[m[K [01;36m[Knote: [m[Kin expansion of macro '[01m[K__TBB_DECL_ATOMIC[m[K'
  455 | [01;36m[K__TBB_DECL_ATOMIC[m[K(unsigned __TBB_LONG_LONG)
      | [01;36m[K^~~~~~~~~~~~~~~~~[m[K
[01m[Klib/tbb_2020.3/include/tbb/atomic.h:437:32:[m[K [01;35m[Kwarning: [m[Ktemplate-id not allowed for constructor in C++20 [[01;35m[K-Wtemplate-id-cdtor[m[K]
  437 |             constexpr atomic<T>[01;35m[K([m[Kconst atomic<T>& rhs):                                              \
      |                                [01;35m[K^[m[K
[01m[Klib/tbb_2020.3/include/tbb/atomic.h:459:1:[m[K [01;36m[Knote: [m[Kin expansion of macro '[01m[K__TBB_DECL_ATOMIC[m[K'
  459 | [01;36m[K__TBB_DECL_ATOMIC[m[K(long)
      | [01;36m[K^~~~~~~~~~~~~~~~~[m[K
[01m[Klib/tbb_2020.3/include/tbb/atomic.h:437:32:[m[K [01;36m[Knote: [m[Kremove the '[01m[K< >[m[K'
  437 |             constexpr atomic<T>[01;36m[K([m[Kconst atomic<T>& rhs):                                              \
      |                                [01;36m[K^[m[K
[01m[Klib/tbb_2020.3/include/tbb/atomic.h:459:1:[m[K [01;36m[Knote: [m[Kin expansion of macro '[01m[K__TBB_DECL_ATOMIC[m[K'
  459 | [01;36m[K__TBB_DECL_ATOMIC[m[K(long)
      | [01;36m[K^~~~~~~~~~~~~~~~~[m[K
[01m[Klib/tbb_2020.3/include/tbb/atomic.h:437:32:[m[K [01;35m[Kwarning: [m[Ktemplate-id not allowed for constructor in C++20 [[01;35m[K-Wtemplate-id-cdtor[m[K]
  437 |             constexpr atomic<T>[01;35m[K([m[Kconst atomic<T>& rhs):                                              \
      |                                [01;35m[K^[m[K
[01m[Klib/tbb_2020.3/include/tbb/atomic.h:460:1:[m[K [01;36m[Knote: [m[Kin expansion of macro '[01m[K__TBB_DECL_ATOMIC[m[K'
  460 | [01;36m[K__TBB_DECL_ATOMIC[m[K(unsigned long)
      | [01;36m[K^~~~~~~~~~~~~~~~~[m[K
[01m[Klib/tbb_2020.3/include/tbb/atomic.h:437:32:[m[K [01;36m[Knote: [m[Kremove the '[01m[K< >[m[K'
  437 |             constexpr atomic<T>[01;36m[K([m[Kconst atomic<T>& rhs):                                              \
      |                                [01;36m[K^[m[K
[01m[Klib/tbb_2020.3/include/tbb/atomic.h:460:1:[m[K [01;36m[Knote: [m[Kin expansion of macro '[01m[K__TBB_DECL_ATOMIC[m[K'
  460 | [01;36m[K__TBB_DECL_ATOMIC[m[K(unsigned long)
      | [01;36m[K^~~~~~~~~~~~~~~~~[m[K
[01m[Klib/tbb_2020.3/include/tbb/atomic.h:437:32:[m[K [01;35m[Kwarning: [m[Ktemplate-id not allowed for constructor in C++20 [[01;35m[K-Wtemplate-id-cdtor[m[K]
  437 |             constexpr atomic<T>[01;35m[K([m[Kconst atomic<T>& rhs):                                              \
      |                                [01;35m[K^[m[K
[01m[Klib/tbb_2020.3/include/tbb/atomic.h:491:1:[m[K [01;36m[Knote: [m[Kin expansion of macro '[01m[K__TBB_DECL_ATOMIC[m[K'
  491 | [01;36m[K__TBB_DECL_ATOMIC[m[K(unsigned)
      | [01;36m[K^~~~~~~~~~~~~~~~~[m[K
[01m[Klib/tbb_2020.3/include/tbb/atomic.h:437:32:[m[K [01;36m[Knote: [m[Kremove the '[01m[K< >[m[K'
  437 |             constexpr atomic<T>[01;36m[K([m[Kconst atomic<T>& rhs):                                              \
      |                                [01;36m[K^[m[K
[01m[Klib/tbb_2020.3/include/tbb/atomic.h:491:1:[m[K [01;36m[Knote: [m[Kin expansion of macro '[01m[K__TBB_DECL_ATOMIC[m[K'
  491 | [01;36m[K__TBB_DECL_ATOMIC[m[K(unsigned)
      | [01;36m[K^~~~~~~~~~~~~~~~~[m[K
[01m[Klib/tbb_2020.3/include/tbb/atomic.h:437:32:[m[K [01;35m[Kwarning: [m[Ktemplate-id not allowed for constructor in C++20 [[01;35m[K-Wtemplate-id-cdtor[m[K]
  437 |             constexpr atomic<T>[01;35m[K([m[Kconst atomic<T>& rhs):                                              \
      |                                [01;35m[K^[m[K
[01m[Klib/tbb_2020.3/include/tbb/atomic.h:492:1:[m[K [01;36m[Knote: [m[Kin expansion of macro '[01m[K__TBB_DECL_ATOMIC[m[K'
  492 | [01;36m[K__TBB_DECL_ATOMIC[m[K(int)
      | [01;36m[K^~~~~~~~~~~~~~~~~[m[K
[01m[Klib/tbb_2020.3/include/tbb/atomic.h:437:32:[m[K [01;36m[Knote: [m[Kremove the '[01m[K< >[m[K'
  437 |             constexpr atomic<T>[01;36m[K([m[Kconst atomic<T>& rhs):                                              \
      |                                [01;36m[K^[m[K
[01m[Klib/tbb_2020.3/include/tbb/atomic.h:492:1:[m[K [01;36m[Knote: [m[Kin expansion of macro '[01m[K__TBB_DECL_ATOMIC[m[K'
  492 | [01;36m[K__TBB_DECL_ATOMIC[m[K(int)
      | [01;36m[K^~~~~~~~~~~~~~~~~[m[K
[01m[Klib/tbb_2020.3/include/tbb/atomic.h:437:32:[m[K [01;35m[Kwarning: [m[Ktemplate-id not allowed for constructor in C++20 [[01;35m[K-Wtemplate-id-cdtor[m[K]
  437 |             constexpr atomic<T>[01;35m[K([m[Kconst atomic<T>& rhs):                                              \
      |                                [01;35m[K^[m[K
[01m[Klib/tbb_2020.3/include/tbb/atomic.h:495:1:[m[K [01;36m[Knote: [m[Kin expansion of macro '[01m[K__TBB_DECL_ATOMIC[m[K'
  495 | [01;36m[K__TBB_DECL_ATOMIC[m[K(unsigned short)
      | [01;36m[K^~~~~~~~~~~~~~~~~[m[K
[01m[Klib/tbb_2020.3/include/tbb/atomic.h:437:32:[m[K [01;36m[Knote: [m[Kremove the '[01m[K< >[m[K'
  437 |             constexpr atomic<T>[01;36m[K([m[Kconst atomic<T>& rhs):                                              \
      |                                [01;36m[K^[m[K
[01m[Klib/tbb_2020.3/include/tbb/atomic.h:495:1:[m[K [01;36m[Knote: [m[Kin expansion of macro '[01m[K__TBB_DECL_ATOMIC[m[K'
  495 | [01;36m[K__TBB_DECL_ATOMIC[m[K(unsigned short)
      | [01;36m[K^~~~~~~~~~~~~~~~~[m[K
[01m[Klib/tbb_2020.3/include/tbb/atomic.h:437:32:[m[K [01;35m[Kwarning: [m[Ktemplate-id not allowed for constructor in C++20 [[01;35m[K-Wtemplate-id-cdtor[m[K]
  437 |             constexpr atomic<T>[01;35m[K([m[Kconst atomic<T>& rhs):                                              \
      |                                [01;35m[K^[m[K
[01m[Klib/tbb_2020.3/include/tbb/atomic.h:496:1:[m[K [01;36m[Knote: [m[Kin expansion of macro '[01m[K__TBB_DECL_ATOMIC[m[K'
  496 | [01;36m[K__TBB_DECL_ATOMIC[m[K(short)
      | [01;36m[K^~~~~~~~~~~~~~~~~[m[K
[01m[Klib/tbb_2020.3/include/tbb/atomic.h:437:32:[m[K [01;36m[Knote: [m[Kremove the '[01m[K< >[m[K'
  437 |             constexpr atomic<T>[01;36m[K([m[Kconst atomic<T>& rhs):                                              \
      |                                [01;36m[K^[m[K
[01m[Klib/tbb_2020.3/include/tbb/atomic.h:496:1:[m[K [01;36m[Knote: [m[Kin expansion of macro '[01m[K__TBB_DECL_ATOMIC[m[K'
  496 | [01;36m[K__TBB_DECL_ATOMIC[m[K(short)
      | [01;36m[K^~~~~~~~~~~~~~~~~[m[K
[01m[Klib/tbb_2020.3/include/tbb/atomic.h:437:32:[m[K [01;35m[Kwarning: [m[Ktemplate-id not allowed for constructor in C++20 [[01;35m[K-Wtemplate-id-cdtor[m[K]
  437 |             constexpr atomic<T>[01;35m[K([m[Kconst atomic<T>& rhs):                                              \
      |                                [01;35m[K^[m[K
[01m[Klib/tbb_2020.3/include/tbb/atomic.h:497:1:[m[K [01;36m[Knote: [m[Kin expansion of macro '[01m[K__TBB_DECL_ATOMIC[m[K'
  497 | [01;36m[K__TBB_DECL_ATOMIC[m[K(char)
      | [01;36m[K^~~~~~~~~~~~~~~~~[m[K
[01m[Klib/tbb_2020.3/include/tbb/atomic.h:437:32:[m[K [01;36m[Knote: [m[Kremove the '[01m[K< >[m[K'
  437 |             constexpr atomic<T>[01;36m[K([m[Kconst atomic<T>& rhs):                                              \
      |                                [01;36m[K^[m[K
[01m[Klib/tbb_2020.3/include/tbb/atomic.h:497:1:[m[K [01;36m[Knote: [m[Kin expansion of macro '[01m[K__TBB_DECL_ATOMIC[m[K'
  497 | [01;36m[K__TBB_DECL_ATOMIC[m[K(char)
      | [01;36m[K^~~~~~~~~~~~~~~~~[m[K
[01m[Klib/tbb_2020.3/include/tbb/atomic.h:437:32:[m[K [01;35m[Kwarning: [m[Ktemplate-id not allowed for constructor in C++20 [[01;35m[K-Wtemplate-id-cdtor[m[K]
  437 |             constexpr atomic<T>[01;35m[K([m[Kconst atomic<T>& rhs):                                              \
      |                                [01;35m[K^[m[K
[01m[Klib/tbb_2020.3/include/tbb/atomic.h:498:1:[m[K [01;36m[Knote: [m[Kin expansion of macro '[01m[K__TBB_DECL_ATOMIC[m[K'
  498 | [01;36m[K__TBB_DECL_ATOMIC[m[K(signed char)
      | [01;36m[K^~~~~~~~~~~~~~~~~[m[K
[01m[Klib/tbb_2020.3/include/tbb/atomic.h:437:32:[m[K [01;36m[Knote: [m[Kremove the '[01m[K< >[m[K'
  437 |             constexpr atomic<T>[01;36m[K([m[Kconst atomic<T>& rhs):                                              \
      |                                [01;36m[K^[m[K
[01m[Klib/tbb_2020.3/include/tbb/atomic.h:498:1:[m[K [01;36m[Knote: [m[Kin expansion of macro '[01m[K__TBB_DECL_ATOMIC[m[K'
  498 | [01;36m[K__TBB_DECL_ATOMIC[m[K(signed char)
      | [01;36m[K^~~~~~~~~~~~~~~~~[m[K
[01m[Klib/tbb_2020.3/include/tbb/atomic.h:437:32:[m[K [01;35m[Kwarning: [m[Ktemplate-id not allowed for constructor in C++20 [[01;35m[K-Wtemplate-id-cdtor[m[K]
  437 |             constexpr atomic<T>[01;35m[K([m[Kconst atomic<T>& rhs):                                              \
      |                                [01;35m[K^[m[K
[01m[Klib/tbb_2020.3/include/tbb/atomic.h:499:1:[m[K [01;36m[Knote: [m[Kin expansion of macro '[01m[K__TBB_DECL_ATOMIC[m[K'
  499 | [01;36m[K__TBB_DECL_ATOMIC[m[K(unsigned char)
      | [01;36m[K^~~~~~~~~~~~~~~~~[m[K
[01m[Klib/tbb_2020.3/include/tbb/atomic.h:437:32:[m[K [01;36m[Knote: [m[Kremove the '[01m[K< >[m[K'
  437 |             constexpr atomic<T>[01;36m[K([m[Kconst atomic<T>& rhs):                                              \
      |                                [01;36m[K^[m[K
[01m[Klib/tbb_2020.3/include/tbb/atomic.h:499:1:[m[K [01;36m[Knote: [m[Kin expansion of macro '[01m[K__TBB_DECL_ATOMIC[m[K'
  499 | [01;36m[K__TBB_DECL_ATOMIC[m[K(unsigned char)
      | [01;36m[K^~~~~~~~~~~~~~~~~[m[K
[01m[Klib/tbb_2020.3/include/tbb/atomic.h:437:32:[m[K [01;35m[Kwarning: [m[Ktemplate-id not allowed for constructor in C++20 [[01;35m[K-Wtemplate-id-cdtor[m[K]
  437 |             constexpr atomic<T>[01;35m[K([m[Kconst atomic<T>& rhs):                                              \
      |                                [01;35m[K^[m[K
[01m[Klib/tbb_2020.3/include/tbb/atomic.h:502:1:[m[K [01;36m[Knote: [m[Kin expansion of macro '[01m[K__TBB_DECL_ATOMIC[m[K'
  502 | [01;36m[K__TBB_DECL_ATOMIC[m[K(wchar_t)
      | [01;36m[K^~~~~~~~~~~~~~~~~[m[K
[01m[Klib/tbb_2020.3/include/tbb/atomic.h:437:32:[m[K [01;36m[Knote: [m[Kremove the '[01m[K< >[m[K'
  437 |             constexpr atomic<T>[01;36m[K([m[Kconst atomic<T>& rhs):                                              \
      |                                [01;36m[K^[m[K
[01m[Klib/tbb_2020.3/include/tbb/atomic.h:502:1:[m[K [01;36m[Knote: [m[Kin expansion of macro '[01m[K__TBB_DECL_ATOMIC[m[K'
  502 | [01;36m[K__TBB_DECL_ATOMIC[m[K(wchar_t)
      | [01;36m[K^~~~~~~~~~~~~~~~~[m[K
In file included from [01m[Klib/tbb_2020.3/include/tbb/tbb_profiling.h:123[m[K,
                 from [01m[Klib/tbb_2020.3/include/tbb/task.h:36[m[K,
                 from [01m[Klib/tbb_2020.3/include/tbb/task_arena.h:23[m[K,
                 from [01m[K./stan/math/prim/core/init_threadpool_tbb.hpp:18[m[K,
                 from [01m[K./stan/math/prim/core.hpp:4[m[K,
                 from [01m[K./stan/math/rev/core/Eigen_NumTraits.hpp:5[m[K,
                 from [01m[K./stan/math/rev/core.hpp:4[m[K,
                 from [01m[K./stan/math/rev/constraint/cholesky_corr_constrain.hpp:4[m[K,
                 from [01m[K./stan/math/rev/constraint.hpp:6[m[K,
                 from [01m[K./stan/math/rev.hpp:11[m[K,
                 from [01m[K./stan/math.hpp:19[m[K,
                 from [01m[Ktest/unit/math/laplace/laplace_poisson_log_rng_test.cpp:1[m[K:
[01m[Klib/tbb_2020.3/include/tbb/atomic.h:422:24:[m[K [01;35m[Kwarning: [m[Ktemplate-id not allowed for constructor in C++20 [[01;35m[K-Wtemplate-id-cdtor[m[K]
  422 |     constexpr atomic<T>[01;35m[K([m[Kconst atomic<T>& rhs): internal::atomic_impl<T>(rhs) {}
      |                        [01;35m[K^[m[K
[01m[Klib/tbb_2020.3/include/tbb/atomic.h:422:24:[m[K [01;36m[Knote: [m[Kremove the '[01m[K< >[m[K'
[01m[Klib/tbb_2020.3/include/tbb/atomic.h:437:32:[m[K [01;35m[Kwarning: [m[Ktemplate-id not allowed for constructor in C++20 [[01;35m[K-Wtemplate-id-cdtor[m[K]
  437 |             constexpr atomic<T>[01;35m[K([m[Kconst atomic<T>& rhs):                                              \
      |                                [01;35m[K^[m[K
[01m[Klib/tbb_2020.3/include/tbb/atomic.h:454:1:[m[K [01;36m[Knote: [m[Kin expansion of macro '[01m[K__TBB_DECL_ATOMIC[m[K'
  454 | [01;36m[K__TBB_DECL_ATOMIC[m[K(__TBB_LONG_LONG)
      | [01;36m[K^~~~~~~~~~~~~~~~~[m[K
[01m[Klib/tbb_2020.3/include/tbb/atomic.h:437:32:[m[K [01;36m[Knote: [m[Kremove the '[01m[K< >[m[K'
  437 |             constexpr atomic<T>[01;36m[K([m[Kconst atomic<T>& rhs):                                              \
      |                                [01;36m[K^[m[K
[01m[Klib/tbb_2020.3/include/tbb/atomic.h:454:1:[m[K [01;36m[Knote: [m[Kin expansion of macro '[01m[K__TBB_DECL_ATOMIC[m[K'
  454 | [01;36m[K__TBB_DECL_ATOMIC[m[K(__TBB_LONG_LONG)
      | [01;36m[K^~~~~~~~~~~~~~~~~[m[K
[01m[Klib/tbb_2020.3/include/tbb/atomic.h:437:32:[m[K [01;35m[Kwarning: [m[Ktemplate-id not allowed for constructor in C++20 [[01;35m[K-Wtemplate-id-cdtor[m[K]
  437 |             constexpr atomic<T>[01;35m[K([m[Kconst atomic<T>& rhs):                                              \
      |                                [01;35m[K^[m[K
[01m[Klib/tbb_2020.3/include/tbb/atomic.h:455:1:[m[K [01;36m[Knote: [m[Kin expansion of macro '[01m[K__TBB_DECL_ATOMIC[m[K'
  455 | [01;36m[K__TBB_DECL_ATOMIC[m[K(unsigned __TBB_LONG_LONG)
      | [01;36m[K^~~~~~~~~~~~~~~~~[m[K
[01m[Klib/tbb_2020.3/include/tbb/atomic.h:437:32:[m[K [01;36m[Knote: [m[Kremove the '[01m[K< >[m[K'
  437 |             constexpr atomic<T>[01;36m[K([m[Kconst atomic<T>& rhs):                                              \
      |                                [01;36m[K^[m[K
[01m[Klib/tbb_2020.3/include/tbb/atomic.h:455:1:[m[K [01;36m[Knote: [m[Kin expansion of macro '[01m[K__TBB_DECL_ATOMIC[m[K'
  455 | [01;36m[K__TBB_DECL_ATOMIC[m[K(unsigned __TBB_LONG_LONG)
      | [01;36m[K^~~~~~~~~~~~~~~~~[m[K
[01m[Klib/tbb_2020.3/include/tbb/atomic.h:437:32:[m[K [01;35m[Kwarning: [m[Ktemplate-id not allowed for constructor in C++20 [[01;35m[K-Wtemplate-id-cdtor[m[K]
  437 |             constexpr atomic<T>[01;35m[K([m[Kconst atomic<T>& rhs):                                              \
      |                                [01;35m[K^[m[K
[01m[Klib/tbb_2020.3/include/tbb/atomic.h:459:1:[m[K [01;36m[Knote: [m[Kin expansion of macro '[01m[K__TBB_DECL_ATOMIC[m[K'
  459 | [01;36m[K__TBB_DECL_ATOMIC[m[K(long)
      | [01;36m[K^~~~~~~~~~~~~~~~~[m[K
[01m[Klib/tbb_2020.3/include/tbb/atomic.h:437:32:[m[K [01;36m[Knote: [m[Kremove the '[01m[K< >[m[K'
  437 |             constexpr atomic<T>[01;36m[K([m[Kconst atomic<T>& rhs):                                              \
      |                                [01;36m[K^[m[K
[01m[Klib/tbb_2020.3/include/tbb/atomic.h:459:1:[m[K [01;36m[Knote: [m[Kin expansion of macro '[01m[K__TBB_DECL_ATOMIC[m[K'
  459 | [01;36m[K__TBB_DECL_ATOMIC[m[K(long)
      | [01;36m[K^~~~~~~~~~~~~~~~~[m[K
[01m[Klib/tbb_2020.3/include/tbb/atomic.h:437:32:[m[K [01;35m[Kwarning: [m[Ktemplate-id not allowed for constructor in C++20 [[01;35m[K-Wtemplate-id-cdtor[m[K]
  437 |             constexpr atomic<T>[01;35m[K([m[Kconst atomic<T>& rhs):                                              \
      |                                [01;35m[K^[m[K
[01m[Klib/tbb_2020.3/include/tbb/atomic.h:460:1:[m[K [01;36m[Knote: [m[Kin expansion of macro '[01m[K__TBB_DECL_ATOMIC[m[K'
  460 | [01;36m[K__TBB_DECL_ATOMIC[m[K(unsigned long)
      | [01;36m[K^~~~~~~~~~~~~~~~~[m[K
[01m[Klib/tbb_2020.3/include/tbb/atomic.h:437:32:[m[K [01;36m[Knote: [m[Kremove the '[01m[K< >[m[K'
  437 |             constexpr atomic<T>[01;36m[K([m[Kconst atomic<T>& rhs):                                              \
      |                                [01;36m[K^[m[K
[01m[Klib/tbb_2020.3/include/tbb/atomic.h:460:1:[m[K [01;36m[Knote: [m[Kin expansion of macro '[01m[K__TBB_DECL_ATOMIC[m[K'
  460 | [01;36m[K__TBB_DECL_ATOMIC[m[K(unsigned long)
      | [01;36m[K^~~~~~~~~~~~~~~~~[m[K
[01m[Klib/tbb_2020.3/include/tbb/atomic.h:437:32:[m[K [01;35m[Kwarning: [m[Ktemplate-id not allowed for constructor in C++20 [[01;35m[K-Wtemplate-id-cdtor[m[K]
  437 |             constexpr atomic<T>[01;35m[K([m[Kconst atomic<T>& rhs):                                              \
      |                                [01;35m[K^[m[K
[01m[Klib/tbb_2020.3/include/tbb/atomic.h:491:1:[m[K [01;36m[Knote: [m[Kin expansion of macro '[01m[K__TBB_DECL_ATOMIC[m[K'
  491 | [01;36m[K__TBB_DECL_ATOMIC[m[K(unsigned)
      | [01;36m[K^~~~~~~~~~~~~~~~~[m[K
[01m[Klib/tbb_2020.3/include/tbb/atomic.h:437:32:[m[K [01;36m[Knote: [m[Kremove the '[01m[K< >[m[K'
  437 |             constexpr atomic<T>[01;36m[K([m[Kconst atomic<T>& rhs):                                              \
      |                                [01;36m[K^[m[K
[01m[Klib/tbb_2020.3/include/tbb/atomic.h:491:1:[m[K [01;36m[Knote: [m[Kin expansion of macro '[01m[K__TBB_DECL_ATOMIC[m[K'
  491 | [01;36m[K__TBB_DECL_ATOMIC[m[K(unsigned)
      | [01;36m[K^~~~~~~~~~~~~~~~~[m[K
[01m[Klib/tbb_2020.3/include/tbb/atomic.h:437:32:[m[K [01;35m[Kwarning: [m[Ktemplate-id not allowed for constructor in C++20 [[01;35m[K-Wtemplate-id-cdtor[m[K]
  437 |             constexpr atomic<T>[01;35m[K([m[Kconst atomic<T>& rhs):                                              \
      |                                [01;35m[K^[m[K
[01m[Klib/tbb_2020.3/include/tbb/atomic.h:492:1:[m[K [01;36m[Knote: [m[Kin expansion of macro '[01m[K__TBB_DECL_ATOMIC[m[K'
  492 | [01;36m[K__TBB_DECL_ATOMIC[m[K(int)
      | [01;36m[K^~~~~~~~~~~~~~~~~[m[K
[01m[Klib/tbb_2020.3/include/tbb/atomic.h:437:32:[m[K [01;36m[Knote: [m[Kremove the '[01m[K< >[m[K'
  437 |             constexpr atomic<T>[01;36m[K([m[Kconst atomic<T>& rhs):                                              \
      |                                [01;36m[K^[m[K
[01m[Klib/tbb_2020.3/include/tbb/atomic.h:492:1:[m[K [01;36m[Knote: [m[Kin expansion of macro '[01m[K__TBB_DECL_ATOMIC[m[K'
  492 | [01;36m[K__TBB_DECL_ATOMIC[m[K(int)
      | [01;36m[K^~~~~~~~~~~~~~~~~[m[K
[01m[Klib/tbb_2020.3/include/tbb/atomic.h:437:32:[m[K [01;35m[Kwarning: [m[Ktemplate-id not allowed for constructor in C++20 [[01;35m[K-Wtemplate-id-cdtor[m[K]
  437 |             constexpr atomic<T>[01;35m[K([m[Kconst atomic<T>& rhs):                                              \
      |                                [01;35m[K^[m[K
[01m[Klib/tbb_2020.3/include/tbb/atomic.h:495:1:[m[K [01;36m[Knote: [m[Kin expansion of macro '[01m[K__TBB_DECL_ATOMIC[m[K'
  495 | [01;36m[K__TBB_DECL_ATOMIC[m[K(unsigned short)
      | [01;36m[K^~~~~~~~~~~~~~~~~[m[K
[01m[Klib/tbb_2020.3/include/tbb/atomic.h:437:32:[m[K [01;36m[Knote: [m[Kremove the '[01m[K< >[m[K'
  437 |             constexpr atomic<T>[01;36m[K([m[Kconst atomic<T>& rhs):                                              \
      |                                [01;36m[K^[m[K
[01m[Klib/tbb_2020.3/include/tbb/atomic.h:495:1:[m[K [01;36m[Knote: [m[Kin expansion of macro '[01m[K__TBB_DECL_ATOMIC[m[K'
  495 | [01;36m[K__TBB_DECL_ATOMIC[m[K(unsigned short)
      | [01;36m[K^~~~~~~~~~~~~~~~~[m[K
[01m[Klib/tbb_2020.3/include/tbb/atomic.h:437:32:[m[K [01;35m[Kwarning: [m[Ktemplate-id not allowed for constructor in C++20 [[01;35m[K-Wtemplate-id-cdtor[m[K]
  437 |             constexpr atomic<T>[01;35m[K([m[Kconst atomic<T>& rhs):                                              \
      |                                [01;35m[K^[m[K
[01m[Klib/tbb_2020.3/include/tbb/atomic.h:496:1:[m[K [01;36m[Knote: [m[Kin expansion of macro '[01m[K__TBB_DECL_ATOMIC[m[K'
  496 | [01;36m[K__TBB_DECL_ATOMIC[m[K(short)
      | [01;36m[K^~~~~~~~~~~~~~~~~[m[K
[01m[Klib/tbb_2020.3/include/tbb/atomic.h:437:32:[m[K [01;36m[Knote: [m[Kremove the '[01m[K< >[m[K'
  437 |             constexpr atomic<T>[01;36m[K([m[Kconst atomic<T>& rhs):                                              \
      |                                [01;36m[K^[m[K
[01m[Klib/tbb_2020.3/include/tbb/atomic.h:496:1:[m[K [01;36m[Knote: [m[Kin expansion of macro '[01m[K__TBB_DECL_ATOMIC[m[K'
  496 | [01;36m[K__TBB_DECL_ATOMIC[m[K(short)
      | [01;36m[K^~~~~~~~~~~~~~~~~[m[K
[01m[Klib/tbb_2020.3/include/tbb/atomic.h:437:32:[m[K [01;35m[Kwarning: [m[Ktemplate-id not allowed for constructor in C++20 [[01;35m[K-Wtemplate-id-cdtor[m[K]
  437 |             constexpr atomic<T>[01;35m[K([m[Kconst atomic<T>& rhs):                                              \
      |                                [01;35m[K^[m[K
[01m[Klib/tbb_2020.3/include/tbb/atomic.h:497:1:[m[K [01;36m[Knote: [m[Kin expansion of macro '[01m[K__TBB_DECL_ATOMIC[m[K'
  497 | [01;36m[K__TBB_DECL_ATOMIC[m[K(char)
      | [01;36m[K^~~~~~~~~~~~~~~~~[m[K
[01m[Klib/tbb_2020.3/include/tbb/atomic.h:437:32:[m[K [01;36m[Knote: [m[Kremove the '[01m[K< >[m[K'
  437 |             constexpr atomic<T>[01;36m[K([m[Kconst atomic<T>& rhs):                                              \
      |                                [01;36m[K^[m[K
[01m[Klib/tbb_2020.3/include/tbb/atomic.h:497:1:[m[K [01;36m[Knote: [m[Kin expansion of macro '[01m[K__TBB_DECL_ATOMIC[m[K'
  497 | [01;36m[K__TBB_DECL_ATOMIC[m[K(char)
      | [01;36m[K^~~~~~~~~~~~~~~~~[m[K
[01m[Klib/tbb_2020.3/include/tbb/atomic.h:437:32:[m[K [01;35m[Kwarning: [m[Ktemplate-id not allowed for constructor in C++20 [[01;35m[K-Wtemplate-id-cdtor[m[K]
  437 |             constexpr atomic<T>[01;35m[K([m[Kconst atomic<T>& rhs):                                              \
      |                                [01;35m[K^[m[K
[01m[Klib/tbb_2020.3/include/tbb/atomic.h:498:1:[m[K [01;36m[Knote: [m[Kin expansion of macro '[01m[K__TBB_DECL_ATOMIC[m[K'
  498 | [01;36m[K__TBB_DECL_ATOMIC[m[K(signed char)
      | [01;36m[K^~~~~~~~~~~~~~~~~[m[K
[01m[Klib/tbb_2020.3/include/tbb/atomic.h:437:32:[m[K [01;36m[Knote: [m[Kremove the '[01m[K< >[m[K'
  437 |             constexpr atomic<T>[01;36m[K([m[Kconst atomic<T>& rhs):                                              \
      |                                [01;36m[K^[m[K
[01m[Klib/tbb_2020.3/include/tbb/atomic.h:498:1:[m[K [01;36m[Knote: [m[Kin expansion of macro '[01m[K__TBB_DECL_ATOMIC[m[K'
  498 | [01;36m[K__TBB_DECL_ATOMIC[m[K(signed char)
      | [01;36m[K^~~~~~~~~~~~~~~~~[m[K
[01m[Klib/tbb_2020.3/include/tbb/atomic.h:437:32:[m[K [01;35m[Kwarning: [m[Ktemplate-id not allowed for constructor in C++20 [[01;35m[K-Wtemplate-id-cdtor[m[K]
  437 |             constexpr atomic<T>[01;35m[K([m[Kconst atomic<T>& rhs):                                              \
      |                                [01;35m[K^[m[K
[01m[Klib/tbb_2020.3/include/tbb/atomic.h:499:1:[m[K [01;36m[Knote: [m[Kin expansion of macro '[01m[K__TBB_DECL_ATOMIC[m[K'
  499 | [01;36m[K__TBB_DECL_ATOMIC[m[K(unsigned char)
      | [01;36m[K^~~~~~~~~~~~~~~~~[m[K
[01m[Klib/tbb_2020.3/include/tbb/atomic.h:437:32:[m[K [01;36m[Knote: [m[Kremove the '[01m[K< >[m[K'
  437 |             constexpr atomic<T>[01;36m[K([m[Kconst atomic<T>& rhs):                                              \
      |                                [01;36m[K^[m[K
[01m[Klib/tbb_2020.3/include/tbb/atomic.h:499:1:[m[K [01;36m[Knote: [m[Kin expansion of macro '[01m[K__TBB_DECL_ATOMIC[m[K'
  499 | [01;36m[K__TBB_DECL_ATOMIC[m[K(unsigned char)
      | [01;36m[K^~~~~~~~~~~~~~~~~[m[K
[01m[Klib/tbb_2020.3/include/tbb/atomic.h:437:32:[m[K [01;35m[Kwarning: [m[Ktemplate-id not allowed for constructor in C++20 [[01;35m[K-Wtemplate-id-cdtor[m[K]
  437 |             constexpr atomic<T>[01;35m[K([m[Kconst atomic<T>& rhs):                                              \
      |                                [01;35m[K^[m[K
[01m[Klib/tbb_2020.3/include/tbb/atomic.h:502:1:[m[K [01;36m[Knote: [m[Kin expansion of macro '[01m[K__TBB_DECL_ATOMIC[m[K'
  502 | [01;36m[K__TBB_DECL_ATOMIC[m[K(wchar_t)
      | [01;36m[K^~~~~~~~~~~~~~~~~[m[K
[01m[Klib/tbb_2020.3/include/tbb/atomic.h:437:32:[m[K [01;36m[Knote: [m[Kremove the '[01m[K< >[m[K'
  437 |             constexpr atomic<T>[01;36m[K([m[Kconst atomic<T>& rhs):                                              \
      |                                [01;36m[K^[m[K
[01m[Klib/tbb_2020.3/include/tbb/atomic.h:502:1:[m[K [01;36m[Knote: [m[Kin expansion of macro '[01m[K__TBB_DECL_ATOMIC[m[K'
  502 | [01;36m[K__TBB_DECL_ATOMIC[m[K(wchar_t)
      | [01;36m[K^~~~~~~~~~~~~~~~~[m[K
In file included from [01m[Klib/tbb_2020.3/include/tbb/tbb_profiling.h:123[m[K,
                 from [01m[Klib/tbb_2020.3/include/tbb/task.h:36[m[K,
                 from [01m[Klib/tbb_2020.3/include/tbb/task_arena.h:23[m[K,
                 from [01m[K./stan/math/prim/core/init_threadpool_tbb.hpp:18[m[K,
                 from [01m[K./stan/math/prim/core.hpp:4[m[K,
                 from [01m[K./stan/math/rev/core/Eigen_NumTraits.hpp:5[m[K,
                 from [01m[K./stan/math/rev/core.hpp:4[m[K,
                 from [01m[K./stan/math/rev/constraint/cholesky_corr_constrain.hpp:4[m[K,
                 from [01m[K./stan/math/rev/constraint.hpp:6[m[K,
                 from [01m[K./stan/math/rev.hpp:11[m[K,
                 from [01m[K./stan/math.hpp:19[m[K,
                 from [01m[Ktest/unit/math/laplace/laplace_bernoulli_logit_rng_test.cpp:1[m[K:
[01m[Klib/tbb_2020.3/include/tbb/atomic.h:422:24:[m[K [01;35m[Kwarning: [m[Ktemplate-id not allowed for constructor in C++20 [[01;35m[K-Wtemplate-id-cdtor[m[K]
  422 |     constexpr atomic<T>[01;35m[K([m[Kconst atomic<T>& rhs): internal::atomic_impl<T>(rhs) {}
      |                        [01;35m[K^[m[K
[01m[Klib/tbb_2020.3/include/tbb/atomic.h:422:24:[m[K [01;36m[Knote: [m[Kremove the '[01m[K< >[m[K'
[01m[Klib/tbb_2020.3/include/tbb/atomic.h:437:32:[m[K [01;35m[Kwarning: [m[Ktemplate-id not allowed for constructor in C++20 [[01;35m[K-Wtemplate-id-cdtor[m[K]
  437 |             constexpr atomic<T>[01;35m[K([m[Kconst atomic<T>& rhs):                                              \
      |                                [01;35m[K^[m[K
[01m[Klib/tbb_2020.3/include/tbb/atomic.h:454:1:[m[K [01;36m[Knote: [m[Kin expansion of macro '[01m[K__TBB_DECL_ATOMIC[m[K'
  454 | [01;36m[K__TBB_DECL_ATOMIC[m[K(__TBB_LONG_LONG)
      | [01;36m[K^~~~~~~~~~~~~~~~~[m[K
[01m[Klib/tbb_2020.3/include/tbb/atomic.h:437:32:[m[K [01;36m[Knote: [m[Kremove the '[01m[K< >[m[K'
  437 |             constexpr atomic<T>[01;36m[K([m[Kconst atomic<T>& rhs):                                              \
      |                                [01;36m[K^[m[K
[01m[Klib/tbb_2020.3/include/tbb/atomic.h:454:1:[m[K [01;36m[Knote: [m[Kin expansion of macro '[01m[K__TBB_DECL_ATOMIC[m[K'
  454 | [01;36m[K__TBB_DECL_ATOMIC[m[K(__TBB_LONG_LONG)
      | [01;36m[K^~~~~~~~~~~~~~~~~[m[K
[01m[Klib/tbb_2020.3/include/tbb/atomic.h:437:32:[m[K [01;35m[Kwarning: [m[Ktemplate-id not allowed for constructor in C++20 [[01;35m[K-Wtemplate-id-cdtor[m[K]
  437 |             constexpr atomic<T>[01;35m[K([m[Kconst atomic<T>& rhs):                                              \
      |                                [01;35m[K^[m[K
[01m[Klib/tbb_2020.3/include/tbb/atomic.h:455:1:[m[K [01;36m[Knote: [m[Kin expansion of macro '[01m[K__TBB_DECL_ATOMIC[m[K'
  455 | [01;36m[K__TBB_DECL_ATOMIC[m[K(unsigned __TBB_LONG_LONG)
      | [01;36m[K^~~~~~~~~~~~~~~~~[m[K
[01m[Klib/tbb_2020.3/include/tbb/atomic.h:437:32:[m[K [01;36m[Knote: [m[Kremove the '[01m[K< >[m[K'
  437 |             constexpr atomic<T>[01;36m[K([m[Kconst atomic<T>& rhs):                                              \
      |                                [01;36m[K^[m[K
[01m[Klib/tbb_2020.3/include/tbb/atomic.h:455:1:[m[K [01;36m[Knote: [m[Kin expansion of macro '[01m[K__TBB_DECL_ATOMIC[m[K'
  455 | [01;36m[K__TBB_DECL_ATOMIC[m[K(unsigned __TBB_LONG_LONG)
      | [01;36m[K^~~~~~~~~~~~~~~~~[m[K
[01m[Klib/tbb_2020.3/include/tbb/atomic.h:437:32:[m[K [01;35m[Kwarning: [m[Ktemplate-id not allowed for constructor in C++20 [[01;35m[K-Wtemplate-id-cdtor[m[K]
  437 |             constexpr atomic<T>[01;35m[K([m[Kconst atomic<T>& rhs):                                              \
      |                                [01;35m[K^[m[K
[01m[Klib/tbb_2020.3/include/tbb/atomic.h:459:1:[m[K [01;36m[Knote: [m[Kin expansion of macro '[01m[K__TBB_DECL_ATOMIC[m[K'
  459 | [01;36m[K__TBB_DECL_ATOMIC[m[K(long)
      | [01;36m[K^~~~~~~~~~~~~~~~~[m[K
[01m[Klib/tbb_2020.3/include/tbb/atomic.h:437:32:[m[K [01;36m[Knote: [m[Kremove the '[01m[K< >[m[K'
  437 |             constexpr atomic<T>[01;36m[K([m[Kconst atomic<T>& rhs):                                              \
      |                                [01;36m[K^[m[K
[01m[Klib/tbb_2020.3/include/tbb/atomic.h:459:1:[m[K [01;36m[Knote: [m[Kin expansion of macro '[01m[K__TBB_DECL_ATOMIC[m[K'
  459 | [01;36m[K__TBB_DECL_ATOMIC[m[K(long)
      | [01;36m[K^~~~~~~~~~~~~~~~~[m[K
[01m[Klib/tbb_2020.3/include/tbb/atomic.h:437:32:[m[K [01;35m[Kwarning: [m[Ktemplate-id not allowed for constructor in C++20 [[01;35m[K-Wtemplate-id-cdtor[m[K]
  437 |             constexpr atomic<T>[01;35m[K([m[Kconst atomic<T>& rhs):                                              \
      |                                [01;35m[K^[m[K
[01m[Klib/tbb_2020.3/include/tbb/atomic.h:460:1:[m[K [01;36m[Knote: [m[Kin expansion of macro '[01m[K__TBB_DECL_ATOMIC[m[K'
  460 | [01;36m[K__TBB_DECL_ATOMIC[m[K(unsigned long)
      | [01;36m[K^~~~~~~~~~~~~~~~~[m[K
[01m[Klib/tbb_2020.3/include/tbb/atomic.h:437:32:[m[K [01;36m[Knote: [m[Kremove the '[01m[K< >[m[K'
  437 |             constexpr atomic<T>[01;36m[K([m[Kconst atomic<T>& rhs):                                              \
      |                                [01;36m[K^[m[K
[01m[Klib/tbb_2020.3/include/tbb/atomic.h:460:1:[m[K [01;36m[Knote: [m[Kin expansion of macro '[01m[K__TBB_DECL_ATOMIC[m[K'
  460 | [01;36m[K__TBB_DECL_ATOMIC[m[K(unsigned long)
      | [01;36m[K^~~~~~~~~~~~~~~~~[m[K
[01m[Klib/tbb_2020.3/include/tbb/atomic.h:437:32:[m[K [01;35m[Kwarning: [m[Ktemplate-id not allowed for constructor in C++20 [[01;35m[K-Wtemplate-id-cdtor[m[K]
  437 |             constexpr atomic<T>[01;35m[K([m[Kconst atomic<T>& rhs):                                              \
      |                                [01;35m[K^[m[K
[01m[Klib/tbb_2020.3/include/tbb/atomic.h:491:1:[m[K [01;36m[Knote: [m[Kin expansion of macro '[01m[K__TBB_DECL_ATOMIC[m[K'
  491 | [01;36m[K__TBB_DECL_ATOMIC[m[K(unsigned)
      | [01;36m[K^~~~~~~~~~~~~~~~~[m[K
[01m[Klib/tbb_2020.3/include/tbb/atomic.h:437:32:[m[K [01;36m[Knote: [m[Kremove the '[01m[K< >[m[K'
  437 |             constexpr atomic<T>[01;36m[K([m[Kconst atomic<T>& rhs):                                              \
      |                                [01;36m[K^[m[K
[01m[Klib/tbb_2020.3/include/tbb/atomic.h:491:1:[m[K [01;36m[Knote: [m[Kin expansion of macro '[01m[K__TBB_DECL_ATOMIC[m[K'
  491 | [01;36m[K__TBB_DECL_ATOMIC[m[K(unsigned)
      | [01;36m[K^~~~~~~~~~~~~~~~~[m[K
[01m[Klib/tbb_2020.3/include/tbb/atomic.h:437:32:[m[K [01;35m[Kwarning: [m[Ktemplate-id not allowed for constructor in C++20 [[01;35m[K-Wtemplate-id-cdtor[m[K]
  437 |             constexpr atomic<T>[01;35m[K([m[Kconst atomic<T>& rhs):                                              \
      |                                [01;35m[K^[m[K
[01m[Klib/tbb_2020.3/include/tbb/atomic.h:492:1:[m[K [01;36m[Knote: [m[Kin expansion of macro '[01m[K__TBB_DECL_ATOMIC[m[K'
  492 | [01;36m[K__TBB_DECL_ATOMIC[m[K(int)
      | [01;36m[K^~~~~~~~~~~~~~~~~[m[K
[01m[Klib/tbb_2020.3/include/tbb/atomic.h:437:32:[m[K [01;36m[Knote: [m[Kremove the '[01m[K< >[m[K'
  437 |             constexpr atomic<T>[01;36m[K([m[Kconst atomic<T>& rhs):                                              \
      |                                [01;36m[K^[m[K
[01m[Klib/tbb_2020.3/include/tbb/atomic.h:492:1:[m[K [01;36m[Knote: [m[Kin expansion of macro '[01m[K__TBB_DECL_ATOMIC[m[K'
  492 | [01;36m[K__TBB_DECL_ATOMIC[m[K(int)
      | [01;36m[K^~~~~~~~~~~~~~~~~[m[K
[01m[Klib/tbb_2020.3/include/tbb/atomic.h:437:32:[m[K [01;35m[Kwarning: [m[Ktemplate-id not allowed for constructor in C++20 [[01;35m[K-Wtemplate-id-cdtor[m[K]
  437 |             constexpr atomic<T>[01;35m[K([m[Kconst atomic<T>& rhs):                                              \
      |                                [01;35m[K^[m[K
[01m[Klib/tbb_2020.3/include/tbb/atomic.h:495:1:[m[K [01;36m[Knote: [m[Kin expansion of macro '[01m[K__TBB_DECL_ATOMIC[m[K'
  495 | [01;36m[K__TBB_DECL_ATOMIC[m[K(unsigned short)
      | [01;36m[K^~~~~~~~~~~~~~~~~[m[K
[01m[Klib/tbb_2020.3/include/tbb/atomic.h:437:32:[m[K [01;36m[Knote: [m[Kremove the '[01m[K< >[m[K'
  437 |             constexpr atomic<T>[01;36m[K([m[Kconst atomic<T>& rhs):                                              \
      |                                [01;36m[K^[m[K
[01m[Klib/tbb_2020.3/include/tbb/atomic.h:495:1:[m[K [01;36m[Knote: [m[Kin expansion of macro '[01m[K__TBB_DECL_ATOMIC[m[K'
  495 | [01;36m[K__TBB_DECL_ATOMIC[m[K(unsigned short)
      | [01;36m[K^~~~~~~~~~~~~~~~~[m[K
[01m[Klib/tbb_2020.3/include/tbb/atomic.h:437:32:[m[K [01;35m[Kwarning: [m[Ktemplate-id not allowed for constructor in C++20 [[01;35m[K-Wtemplate-id-cdtor[m[K]
  437 |             constexpr atomic<T>[01;35m[K([m[Kconst atomic<T>& rhs):                                              \
      |                                [01;35m[K^[m[K
[01m[Klib/tbb_2020.3/include/tbb/atomic.h:496:1:[m[K [01;36m[Knote: [m[Kin expansion of macro '[01m[K__TBB_DECL_ATOMIC[m[K'
  496 | [01;36m[K__TBB_DECL_ATOMIC[m[K(short)
      | [01;36m[K^~~~~~~~~~~~~~~~~[m[K
[01m[Klib/tbb_2020.3/include/tbb/atomic.h:437:32:[m[K [01;36m[Knote: [m[Kremove the '[01m[K< >[m[K'
  437 |             constexpr atomic<T>[01;36m[K([m[Kconst atomic<T>& rhs):                                              \
      |                                [01;36m[K^[m[K
[01m[Klib/tbb_2020.3/include/tbb/atomic.h:496:1:[m[K [01;36m[Knote: [m[Kin expansion of macro '[01m[K__TBB_DECL_ATOMIC[m[K'
  496 | [01;36m[K__TBB_DECL_ATOMIC[m[K(short)
      | [01;36m[K^~~~~~~~~~~~~~~~~[m[K
[01m[Klib/tbb_2020.3/include/tbb/atomic.h:437:32:[m[K [01;35m[Kwarning: [m[Ktemplate-id not allowed for constructor in C++20 [[01;35m[K-Wtemplate-id-cdtor[m[K]
  437 |             constexpr atomic<T>[01;35m[K([m[Kconst atomic<T>& rhs):                                              \
      |                                [01;35m[K^[m[K
[01m[Klib/tbb_2020.3/include/tbb/atomic.h:497:1:[m[K [01;36m[Knote: [m[Kin expansion of macro '[01m[K__TBB_DECL_ATOMIC[m[K'
  497 | [01;36m[K__TBB_DECL_ATOMIC[m[K(char)
      | [01;36m[K^~~~~~~~~~~~~~~~~[m[K
[01m[Klib/tbb_2020.3/include/tbb/atomic.h:437:32:[m[K [01;36m[Knote: [m[Kremove the '[01m[K< >[m[K'
  437 |             constexpr atomic<T>[01;36m[K([m[Kconst atomic<T>& rhs):                                              \
      |                                [01;36m[K^[m[K
[01m[Klib/tbb_2020.3/include/tbb/atomic.h:497:1:[m[K [01;36m[Knote: [m[Kin expansion of macro '[01m[K__TBB_DECL_ATOMIC[m[K'
  497 | [01;36m[K__TBB_DECL_ATOMIC[m[K(char)
      | [01;36m[K^~~~~~~~~~~~~~~~~[m[K
[01m[Klib/tbb_2020.3/include/tbb/atomic.h:437:32:[m[K [01;35m[Kwarning: [m[Ktemplate-id not allowed for constructor in C++20 [[01;35m[K-Wtemplate-id-cdtor[m[K]
  437 |             constexpr atomic<T>[01;35m[K([m[Kconst atomic<T>& rhs):                                              \
      |                                [01;35m[K^[m[K
[01m[Klib/tbb_2020.3/include/tbb/atomic.h:498:1:[m[K [01;36m[Knote: [m[Kin expansion of macro '[01m[K__TBB_DECL_ATOMIC[m[K'
  498 | [01;36m[K__TBB_DECL_ATOMIC[m[K(signed char)
      | [01;36m[K^~~~~~~~~~~~~~~~~[m[K
[01m[Klib/tbb_2020.3/include/tbb/atomic.h:437:32:[m[K [01;36m[Knote: [m[Kremove the '[01m[K< >[m[K'
  437 |             constexpr atomic<T>[01;36m[K([m[Kconst atomic<T>& rhs):                                              \
      |                                [01;36m[K^[m[K
[01m[Klib/tbb_2020.3/include/tbb/atomic.h:498:1:[m[K [01;36m[Knote: [m[Kin expansion of macro '[01m[K__TBB_DECL_ATOMIC[m[K'
  498 | [01;36m[K__TBB_DECL_ATOMIC[m[K(signed char)
      | [01;36m[K^~~~~~~~~~~~~~~~~[m[K
[01m[Klib/tbb_2020.3/include/tbb/atomic.h:437:32:[m[K [01;35m[Kwarning: [m[Ktemplate-id not allowed for constructor in C++20 [[01;35m[K-Wtemplate-id-cdtor[m[K]
  437 |             constexpr atomic<T>[01;35m[K([m[Kconst atomic<T>& rhs):                                              \
      |                                [01;35m[K^[m[K
[01m[Klib/tbb_2020.3/include/tbb/atomic.h:499:1:[m[K [01;36m[Knote: [m[Kin expansion of macro '[01m[K__TBB_DECL_ATOMIC[m[K'
  499 | [01;36m[K__TBB_DECL_ATOMIC[m[K(unsigned char)
      | [01;36m[K^~~~~~~~~~~~~~~~~[m[K
[01m[Klib/tbb_2020.3/include/tbb/atomic.h:437:32:[m[K [01;36m[Knote: [m[Kremove the '[01m[K< >[m[K'
  437 |             constexpr atomic<T>[01;36m[K([m[Kconst atomic<T>& rhs):                                              \
      |                                [01;36m[K^[m[K
[01m[Klib/tbb_2020.3/include/tbb/atomic.h:499:1:[m[K [01;36m[Knote: [m[Kin expansion of macro '[01m[K__TBB_DECL_ATOMIC[m[K'
  499 | [01;36m[K__TBB_DECL_ATOMIC[m[K(unsigned char)
      | [01;36m[K^~~~~~~~~~~~~~~~~[m[K
[01m[Klib/tbb_2020.3/include/tbb/atomic.h:437:32:[m[K [01;35m[Kwarning: [m[Ktemplate-id not allowed for constructor in C++20 [[01;35m[K-Wtemplate-id-cdtor[m[K]
  437 |             constexpr atomic<T>[01;35m[K([m[Kconst atomic<T>& rhs):                                              \
      |                                [01;35m[K^[m[K
[01m[Klib/tbb_2020.3/include/tbb/atomic.h:502:1:[m[K [01;36m[Knote: [m[Kin expansion of macro '[01m[K__TBB_DECL_ATOMIC[m[K'
  502 | [01;36m[K__TBB_DECL_ATOMIC[m[K(wchar_t)
      | [01;36m[K^~~~~~~~~~~~~~~~~[m[K
[01m[Klib/tbb_2020.3/include/tbb/atomic.h:437:32:[m[K [01;36m[Knote: [m[Kremove the '[01m[K< >[m[K'
  437 |             constexpr atomic<T>[01;36m[K([m[Kconst atomic<T>& rhs):                                              \
      |                                [01;36m[K^[m[K
[01m[Klib/tbb_2020.3/include/tbb/atomic.h:502:1:[m[K [01;36m[Knote: [m[Kin expansion of macro '[01m[K__TBB_DECL_ATOMIC[m[K'
  502 | [01;36m[K__TBB_DECL_ATOMIC[m[K(wchar_t)
      | [01;36m[K^~~~~~~~~~~~~~~~~[m[K
In file included from [01m[Klib/tbb_2020.3/include/tbb/tbb_profiling.h:123[m[K,
                 from [01m[Klib/tbb_2020.3/include/tbb/task.h:36[m[K,
                 from [01m[Klib/tbb_2020.3/include/tbb/task_arena.h:23[m[K,
                 from [01m[K./stan/math/prim/core/init_threadpool_tbb.hpp:18[m[K,
                 from [01m[K./stan/math/prim/core.hpp:4[m[K,
                 from [01m[K./stan/math/rev/core/Eigen_NumTraits.hpp:5[m[K,
                 from [01m[K./stan/math/rev/core.hpp:4[m[K,
                 from [01m[K./stan/math/rev/constraint/cholesky_corr_constrain.hpp:4[m[K,
                 from [01m[K./stan/math/rev/constraint.hpp:6[m[K,
                 from [01m[K./stan/math/rev.hpp:11[m[K,
                 from [01m[K./stan/math.hpp:19[m[K,
                 from [01m[Ktest/unit/math/laplace/laplace_neg_binomial_2_log_rng_test.cpp:1[m[K:
[01m[Klib/tbb_2020.3/include/tbb/atomic.h:422:24:[m[K [01;35m[Kwarning: [m[Ktemplate-id not allowed for constructor in C++20 [[01;35m[K-Wtemplate-id-cdtor[m[K]
  422 |     constexpr atomic<T>[01;35m[K([m[Kconst atomic<T>& rhs): internal::atomic_impl<T>(rhs) {}
      |                        [01;35m[K^[m[K
[01m[Klib/tbb_2020.3/include/tbb/atomic.h:422:24:[m[K [01;36m[Knote: [m[Kremove the '[01m[K< >[m[K'
[01m[Klib/tbb_2020.3/include/tbb/atomic.h:437:32:[m[K [01;35m[Kwarning: [m[Ktemplate-id not allowed for constructor in C++20 [[01;35m[K-Wtemplate-id-cdtor[m[K]
  437 |             constexpr atomic<T>[01;35m[K([m[Kconst atomic<T>& rhs):                                              \
      |                                [01;35m[K^[m[K
[01m[Klib/tbb_2020.3/include/tbb/atomic.h:454:1:[m[K [01;36m[Knote: [m[Kin expansion of macro '[01m[K__TBB_DECL_ATOMIC[m[K'
  454 | [01;36m[K__TBB_DECL_ATOMIC[m[K(__TBB_LONG_LONG)
      | [01;36m[K^~~~~~~~~~~~~~~~~[m[K
[01m[Klib/tbb_2020.3/include/tbb/atomic.h:437:32:[m[K [01;36m[Knote: [m[Kremove the '[01m[K< >[m[K'
  437 |             constexpr atomic<T>[01;36m[K([m[Kconst atomic<T>& rhs):                                              \
      |                                [01;36m[K^[m[K
[01m[Klib/tbb_2020.3/include/tbb/atomic.h:454:1:[m[K [01;36m[Knote: [m[Kin expansion of macro '[01m[K__TBB_DECL_ATOMIC[m[K'
  454 | [01;36m[K__TBB_DECL_ATOMIC[m[K(__TBB_LONG_LONG)
      | [01;36m[K^~~~~~~~~~~~~~~~~[m[K
[01m[Klib/tbb_2020.3/include/tbb/atomic.h:437:32:[m[K [01;35m[Kwarning: [m[Ktemplate-id not allowed for constructor in C++20 [[01;35m[K-Wtemplate-id-cdtor[m[K]
  437 |             constexpr atomic<T>[01;35m[K([m[Kconst atomic<T>& rhs):                                              \
      |                                [01;35m[K^[m[K
[01m[Klib/tbb_2020.3/include/tbb/atomic.h:455:1:[m[K [01;36m[Knote: [m[Kin expansion of macro '[01m[K__TBB_DECL_ATOMIC[m[K'
  455 | [01;36m[K__TBB_DECL_ATOMIC[m[K(unsigned __TBB_LONG_LONG)
      | [01;36m[K^~~~~~~~~~~~~~~~~[m[K
[01m[Klib/tbb_2020.3/include/tbb/atomic.h:437:32:[m[K [01;36m[Knote: [m[Kremove the '[01m[K< >[m[K'
  437 |             constexpr atomic<T>[01;36m[K([m[Kconst atomic<T>& rhs):                                              \
      |                                [01;36m[K^[m[K
[01m[Klib/tbb_2020.3/include/tbb/atomic.h:455:1:[m[K [01;36m[Knote: [m[Kin expansion of macro '[01m[K__TBB_DECL_ATOMIC[m[K'
  455 | [01;36m[K__TBB_DECL_ATOMIC[m[K(unsigned __TBB_LONG_LONG)
      | [01;36m[K^~~~~~~~~~~~~~~~~[m[K
[01m[Klib/tbb_2020.3/include/tbb/atomic.h:437:32:[m[K [01;35m[Kwarning: [m[Ktemplate-id not allowed for constructor in C++20 [[01;35m[K-Wtemplate-id-cdtor[m[K]
  437 |             constexpr atomic<T>[01;35m[K([m[Kconst atomic<T>& rhs):                                              \
      |                                [01;35m[K^[m[K
[01m[Klib/tbb_2020.3/include/tbb/atomic.h:459:1:[m[K [01;36m[Knote: [m[Kin expansion of macro '[01m[K__TBB_DECL_ATOMIC[m[K'
  459 | [01;36m[K__TBB_DECL_ATOMIC[m[K(long)
      | [01;36m[K^~~~~~~~~~~~~~~~~[m[K
[01m[Klib/tbb_2020.3/include/tbb/atomic.h:437:32:[m[K [01;36m[Knote: [m[Kremove the '[01m[K< >[m[K'
  437 |             constexpr atomic<T>[01;36m[K([m[Kconst atomic<T>& rhs):                                              \
      |                                [01;36m[K^[m[K
[01m[Klib/tbb_2020.3/include/tbb/atomic.h:459:1:[m[K [01;36m[Knote: [m[Kin expansion of macro '[01m[K__TBB_DECL_ATOMIC[m[K'
  459 | [01;36m[K__TBB_DECL_ATOMIC[m[K(long)
      | [01;36m[K^~~~~~~~~~~~~~~~~[m[K
[01m[Klib/tbb_2020.3/include/tbb/atomic.h:437:32:[m[K [01;35m[Kwarning: [m[Ktemplate-id not allowed for constructor in C++20 [[01;35m[K-Wtemplate-id-cdtor[m[K]
  437 |             constexpr atomic<T>[01;35m[K([m[Kconst atomic<T>& rhs):                                              \
      |                                [01;35m[K^[m[K
[01m[Klib/tbb_2020.3/include/tbb/atomic.h:460:1:[m[K [01;36m[Knote: [m[Kin expansion of macro '[01m[K__TBB_DECL_ATOMIC[m[K'
  460 | [01;36m[K__TBB_DECL_ATOMIC[m[K(unsigned long)
      | [01;36m[K^~~~~~~~~~~~~~~~~[m[K
[01m[Klib/tbb_2020.3/include/tbb/atomic.h:437:32:[m[K [01;36m[Knote: [m[Kremove the '[01m[K< >[m[K'
  437 |             constexpr atomic<T>[01;36m[K([m[Kconst atomic<T>& rhs):                                              \
      |                                [01;36m[K^[m[K
[01m[Klib/tbb_2020.3/include/tbb/atomic.h:460:1:[m[K [01;36m[Knote: [m[Kin expansion of macro '[01m[K__TBB_DECL_ATOMIC[m[K'
  460 | [01;36m[K__TBB_DECL_ATOMIC[m[K(unsigned long)
      | [01;36m[K^~~~~~~~~~~~~~~~~[m[K
[01m[Klib/tbb_2020.3/include/tbb/atomic.h:437:32:[m[K [01;35m[Kwarning: [m[Ktemplate-id not allowed for constructor in C++20 [[01;35m[K-Wtemplate-id-cdtor[m[K]
  437 |             constexpr atomic<T>[01;35m[K([m[Kconst atomic<T>& rhs):                                              \
      |                                [01;35m[K^[m[K
[01m[Klib/tbb_2020.3/include/tbb/atomic.h:491:1:[m[K [01;36m[Knote: [m[Kin expansion of macro '[01m[K__TBB_DECL_ATOMIC[m[K'
  491 | [01;36m[K__TBB_DECL_ATOMIC[m[K(unsigned)
      | [01;36m[K^~~~~~~~~~~~~~~~~[m[K
[01m[Klib/tbb_2020.3/include/tbb/atomic.h:437:32:[m[K [01;36m[Knote: [m[Kremove the '[01m[K< >[m[K'
  437 |             constexpr atomic<T>[01;36m[K([m[Kconst atomic<T>& rhs):                                              \
      |                                [01;36m[K^[m[K
[01m[Klib/tbb_2020.3/include/tbb/atomic.h:491:1:[m[K [01;36m[Knote: [m[Kin expansion of macro '[01m[K__TBB_DECL_ATOMIC[m[K'
  491 | [01;36m[K__TBB_DECL_ATOMIC[m[K(unsigned)
      | [01;36m[K^~~~~~~~~~~~~~~~~[m[K
[01m[Klib/tbb_2020.3/include/tbb/atomic.h:437:32:[m[K [01;35m[Kwarning: [m[Ktemplate-id not allowed for constructor in C++20 [[01;35m[K-Wtemplate-id-cdtor[m[K]
  437 |             constexpr atomic<T>[01;35m[K([m[Kconst atomic<T>& rhs):                                              \
      |                                [01;35m[K^[m[K
[01m[Klib/tbb_2020.3/include/tbb/atomic.h:492:1:[m[K [01;36m[Knote: [m[Kin expansion of macro '[01m[K__TBB_DECL_ATOMIC[m[K'
  492 | [01;36m[K__TBB_DECL_ATOMIC[m[K(int)
      | [01;36m[K^~~~~~~~~~~~~~~~~[m[K
[01m[Klib/tbb_2020.3/include/tbb/atomic.h:437:32:[m[K [01;36m[Knote: [m[Kremove the '[01m[K< >[m[K'
  437 |             constexpr atomic<T>[01;36m[K([m[Kconst atomic<T>& rhs):                                              \
      |                                [01;36m[K^[m[K
[01m[Klib/tbb_2020.3/include/tbb/atomic.h:492:1:[m[K [01;36m[Knote: [m[Kin expansion of macro '[01m[K__TBB_DECL_ATOMIC[m[K'
  492 | [01;36m[K__TBB_DECL_ATOMIC[m[K(int)
      | [01;36m[K^~~~~~~~~~~~~~~~~[m[K
[01m[Klib/tbb_2020.3/include/tbb/atomic.h:437:32:[m[K [01;35m[Kwarning: [m[Ktemplate-id not allowed for constructor in C++20 [[01;35m[K-Wtemplate-id-cdtor[m[K]
  437 |             constexpr atomic<T>[01;35m[K([m[Kconst atomic<T>& rhs):                                              \
      |                                [01;35m[K^[m[K
[01m[Klib/tbb_2020.3/include/tbb/atomic.h:495:1:[m[K [01;36m[Knote: [m[Kin expansion of macro '[01m[K__TBB_DECL_ATOMIC[m[K'
  495 | [01;36m[K__TBB_DECL_ATOMIC[m[K(unsigned short)
      | [01;36m[K^~~~~~~~~~~~~~~~~[m[K
[01m[Klib/tbb_2020.3/include/tbb/atomic.h:437:32:[m[K [01;36m[Knote: [m[Kremove the '[01m[K< >[m[K'
  437 |             constexpr atomic<T>[01;36m[K([m[Kconst atomic<T>& rhs):                                              \
      |                                [01;36m[K^[m[K
[01m[Klib/tbb_2020.3/include/tbb/atomic.h:495:1:[m[K [01;36m[Knote: [m[Kin expansion of macro '[01m[K__TBB_DECL_ATOMIC[m[K'
  495 | [01;36m[K__TBB_DECL_ATOMIC[m[K(unsigned short)
      | [01;36m[K^~~~~~~~~~~~~~~~~[m[K
[01m[Klib/tbb_2020.3/include/tbb/atomic.h:437:32:[m[K [01;35m[Kwarning: [m[Ktemplate-id not allowed for constructor in C++20 [[01;35m[K-Wtemplate-id-cdtor[m[K]
  437 |             constexpr atomic<T>[01;35m[K([m[Kconst atomic<T>& rhs):                                              \
      |                                [01;35m[K^[m[K
[01m[Klib/tbb_2020.3/include/tbb/atomic.h:496:1:[m[K [01;36m[Knote: [m[Kin expansion of macro '[01m[K__TBB_DECL_ATOMIC[m[K'
  496 | [01;36m[K__TBB_DECL_ATOMIC[m[K(short)
      | [01;36m[K^~~~~~~~~~~~~~~~~[m[K
[01m[Klib/tbb_2020.3/include/tbb/atomic.h:437:32:[m[K [01;36m[Knote: [m[Kremove the '[01m[K< >[m[K'
  437 |             constexpr atomic<T>[01;36m[K([m[Kconst atomic<T>& rhs):                                              \
      |                                [01;36m[K^[m[K
[01m[Klib/tbb_2020.3/include/tbb/atomic.h:496:1:[m[K [01;36m[Knote: [m[Kin expansion of macro '[01m[K__TBB_DECL_ATOMIC[m[K'
  496 | [01;36m[K__TBB_DECL_ATOMIC[m[K(short)
      | [01;36m[K^~~~~~~~~~~~~~~~~[m[K
[01m[Klib/tbb_2020.3/include/tbb/atomic.h:437:32:[m[K [01;35m[Kwarning: [m[Ktemplate-id not allowed for constructor in C++20 [[01;35m[K-Wtemplate-id-cdtor[m[K]
  437 |             constexpr atomic<T>[01;35m[K([m[Kconst atomic<T>& rhs):                                              \
      |                                [01;35m[K^[m[K
[01m[Klib/tbb_2020.3/include/tbb/atomic.h:497:1:[m[K [01;36m[Knote: [m[Kin expansion of macro '[01m[K__TBB_DECL_ATOMIC[m[K'
  497 | [01;36m[K__TBB_DECL_ATOMIC[m[K(char)
      | [01;36m[K^~~~~~~~~~~~~~~~~[m[K
[01m[Klib/tbb_2020.3/include/tbb/atomic.h:437:32:[m[K [01;36m[Knote: [m[Kremove the '[01m[K< >[m[K'
  437 |             constexpr atomic<T>[01;36m[K([m[Kconst atomic<T>& rhs):                                              \
      |                                [01;36m[K^[m[K
[01m[Klib/tbb_2020.3/include/tbb/atomic.h:497:1:[m[K [01;36m[Knote: [m[Kin expansion of macro '[01m[K__TBB_DECL_ATOMIC[m[K'
  497 | [01;36m[K__TBB_DECL_ATOMIC[m[K(char)
      | [01;36m[K^~~~~~~~~~~~~~~~~[m[K
[01m[Klib/tbb_2020.3/include/tbb/atomic.h:437:32:[m[K [01;35m[Kwarning: [m[Ktemplate-id not allowed for constructor in C++20 [[01;35m[K-Wtemplate-id-cdtor[m[K]
  437 |             constexpr atomic<T>[01;35m[K([m[Kconst atomic<T>& rhs):                                              \
      |                                [01;35m[K^[m[K
[01m[Klib/tbb_2020.3/include/tbb/atomic.h:498:1:[m[K [01;36m[Knote: [m[Kin expansion of macro '[01m[K__TBB_DECL_ATOMIC[m[K'
  498 | [01;36m[K__TBB_DECL_ATOMIC[m[K(signed char)
      | [01;36m[K^~~~~~~~~~~~~~~~~[m[K
[01m[Klib/tbb_2020.3/include/tbb/atomic.h:437:32:[m[K [01;36m[Knote: [m[Kremove the '[01m[K< >[m[K'
  437 |             constexpr atomic<T>[01;36m[K([m[Kconst atomic<T>& rhs):                                              \
      |                                [01;36m[K^[m[K
[01m[Klib/tbb_2020.3/include/tbb/atomic.h:498:1:[m[K [01;36m[Knote: [m[Kin expansion of macro '[01m[K__TBB_DECL_ATOMIC[m[K'
  498 | [01;36m[K__TBB_DECL_ATOMIC[m[K(signed char)
      | [01;36m[K^~~~~~~~~~~~~~~~~[m[K
[01m[Klib/tbb_2020.3/include/tbb/atomic.h:437:32:[m[K [01;35m[Kwarning: [m[Ktemplate-id not allowed for constructor in C++20 [[01;35m[K-Wtemplate-id-cdtor[m[K]
  437 |             constexpr atomic<T>[01;35m[K([m[Kconst atomic<T>& rhs):                                              \
      |                                [01;35m[K^[m[K
[01m[Klib/tbb_2020.3/include/tbb/atomic.h:499:1:[m[K [01;36m[Knote: [m[Kin expansion of macro '[01m[K__TBB_DECL_ATOMIC[m[K'
  499 | [01;36m[K__TBB_DECL_ATOMIC[m[K(unsigned char)
      | [01;36m[K^~~~~~~~~~~~~~~~~[m[K
[01m[Klib/tbb_2020.3/include/tbb/atomic.h:437:32:[m[K [01;36m[Knote: [m[Kremove the '[01m[K< >[m[K'
  437 |             constexpr atomic<T>[01;36m[K([m[Kconst atomic<T>& rhs):                                              \
      |                                [01;36m[K^[m[K
[01m[Klib/tbb_2020.3/include/tbb/atomic.h:499:1:[m[K [01;36m[Knote: [m[Kin expansion of macro '[01m[K__TBB_DECL_ATOMIC[m[K'
  499 | [01;36m[K__TBB_DECL_ATOMIC[m[K(unsigned char)
      | [01;36m[K^~~~~~~~~~~~~~~~~[m[K
[01m[Klib/tbb_2020.3/include/tbb/atomic.h:437:32:[m[K [01;35m[Kwarning: [m[Ktemplate-id not allowed for constructor in C++20 [[01;35m[K-Wtemplate-id-cdtor[m[K]
  437 |             constexpr atomic<T>[01;35m[K([m[Kconst atomic<T>& rhs):                                              \
      |                                [01;35m[K^[m[K
[01m[Klib/tbb_2020.3/include/tbb/atomic.h:502:1:[m[K [01;36m[Knote: [m[Kin expansion of macro '[01m[K__TBB_DECL_ATOMIC[m[K'
  502 | [01;36m[K__TBB_DECL_ATOMIC[m[K(wchar_t)
      | [01;36m[K^~~~~~~~~~~~~~~~~[m[K
[01m[Klib/tbb_2020.3/include/tbb/atomic.h:437:32:[m[K [01;36m[Knote: [m[Kremove the '[01m[K< >[m[K'
  437 |             constexpr atomic<T>[01;36m[K([m[Kconst atomic<T>& rhs):                                              \
      |                                [01;36m[K^[m[K
[01m[Klib/tbb_2020.3/include/tbb/atomic.h:502:1:[m[K [01;36m[Knote: [m[Kin expansion of macro '[01m[K__TBB_DECL_ATOMIC[m[K'
  502 | [01;36m[K__TBB_DECL_ATOMIC[m[K(wchar_t)
      | [01;36m[K^~~~~~~~~~~~~~~~~[m[K
In file included from [01m[Klib/tbb_2020.3/include/tbb/tbb_profiling.h:123[m[K,
                 from [01m[Klib/tbb_2020.3/include/tbb/task.h:36[m[K,
                 from [01m[Klib/tbb_2020.3/include/tbb/task_arena.h:23[m[K,
                 from [01m[K./stan/math/prim/core/init_threadpool_tbb.hpp:18[m[K,
                 from [01m[K./stan/math/prim/core.hpp:4[m[K,
                 from [01m[K./stan/math/fwd/fun/Eigen_NumTraits.hpp:5[m[K,
                 from [01m[K./stan/math/mix.hpp:4[m[K,
                 from [01m[K./test/unit/math/test_ad.hpp:4[m[K,
                 from [01m[Ktest/unit/math/laplace/laplace_marginal_poisson_log_lpmf_test.cpp:1[m[K:
[01m[Klib/tbb_2020.3/include/tbb/atomic.h:422:24:[m[K [01;35m[Kwarning: [m[Ktemplate-id not allowed for constructor in C++20 [[01;35m[K-Wtemplate-id-cdtor[m[K]
  422 |     constexpr atomic<T>[01;35m[K([m[Kconst atomic<T>& rhs): internal::atomic_impl<T>(rhs) {}
      |                        [01;35m[K^[m[K
[01m[Klib/tbb_2020.3/include/tbb/atomic.h:422:24:[m[K [01;36m[Knote: [m[Kremove the '[01m[K< >[m[K'
[01m[Klib/tbb_2020.3/include/tbb/atomic.h:437:32:[m[K [01;35m[Kwarning: [m[Ktemplate-id not allowed for constructor in C++20 [[01;35m[K-Wtemplate-id-cdtor[m[K]
  437 |             constexpr atomic<T>[01;35m[K([m[Kconst atomic<T>& rhs):                                              \
      |                                [01;35m[K^[m[K
[01m[Klib/tbb_2020.3/include/tbb/atomic.h:454:1:[m[K [01;36m[Knote: [m[Kin expansion of macro '[01m[K__TBB_DECL_ATOMIC[m[K'
  454 | [01;36m[K__TBB_DECL_ATOMIC[m[K(__TBB_LONG_LONG)
      | [01;36m[K^~~~~~~~~~~~~~~~~[m[K
[01m[Klib/tbb_2020.3/include/tbb/atomic.h:437:32:[m[K [01;36m[Knote: [m[Kremove the '[01m[K< >[m[K'
  437 |             constexpr atomic<T>[01;36m[K([m[Kconst atomic<T>& rhs):                                              \
      |                                [01;36m[K^[m[K
[01m[Klib/tbb_2020.3/include/tbb/atomic.h:454:1:[m[K [01;36m[Knote: [m[Kin expansion of macro '[01m[K__TBB_DECL_ATOMIC[m[K'
  454 | [01;36m[K__TBB_DECL_ATOMIC[m[K(__TBB_LONG_LONG)
      | [01;36m[K^~~~~~~~~~~~~~~~~[m[K
[01m[Klib/tbb_2020.3/include/tbb/atomic.h:437:32:[m[K [01;35m[Kwarning: [m[Ktemplate-id not allowed for constructor in C++20 [[01;35m[K-Wtemplate-id-cdtor[m[K]
  437 |             constexpr atomic<T>[01;35m[K([m[Kconst atomic<T>& rhs):                                              \
      |                                [01;35m[K^[m[K
[01m[Klib/tbb_2020.3/include/tbb/atomic.h:455:1:[m[K [01;36m[Knote: [m[Kin expansion of macro '[01m[K__TBB_DECL_ATOMIC[m[K'
  455 | [01;36m[K__TBB_DECL_ATOMIC[m[K(unsigned __TBB_LONG_LONG)
      | [01;36m[K^~~~~~~~~~~~~~~~~[m[K
[01m[Klib/tbb_2020.3/include/tbb/atomic.h:437:32:[m[K [01;36m[Knote: [m[Kremove the '[01m[K< >[m[K'
  437 |             constexpr atomic<T>[01;36m[K([m[Kconst atomic<T>& rhs):                                              \
      |                                [01;36m[K^[m[K
[01m[Klib/tbb_2020.3/include/tbb/atomic.h:455:1:[m[K [01;36m[Knote: [m[Kin expansion of macro '[01m[K__TBB_DECL_ATOMIC[m[K'
  455 | [01;36m[K__TBB_DECL_ATOMIC[m[K(unsigned __TBB_LONG_LONG)
      | [01;36m[K^~~~~~~~~~~~~~~~~[m[K
[01m[Klib/tbb_2020.3/include/tbb/atomic.h:437:32:[m[K [01;35m[Kwarning: [m[Ktemplate-id not allowed for constructor in C++20 [[01;35m[K-Wtemplate-id-cdtor[m[K]
  437 |             constexpr atomic<T>[01;35m[K([m[Kconst atomic<T>& rhs):                                              \
      |                                [01;35m[K^[m[K
[01m[Klib/tbb_2020.3/include/tbb/atomic.h:459:1:[m[K [01;36m[Knote: [m[Kin expansion of macro '[01m[K__TBB_DECL_ATOMIC[m[K'
  459 | [01;36m[K__TBB_DECL_ATOMIC[m[K(long)
      | [01;36m[K^~~~~~~~~~~~~~~~~[m[K
[01m[Klib/tbb_2020.3/include/tbb/atomic.h:437:32:[m[K [01;36m[Knote: [m[Kremove the '[01m[K< >[m[K'
  437 |             constexpr atomic<T>[01;36m[K([m[Kconst atomic<T>& rhs):                                              \
      |                                [01;36m[K^[m[K
[01m[Klib/tbb_2020.3/include/tbb/atomic.h:459:1:[m[K [01;36m[Knote: [m[Kin expansion of macro '[01m[K__TBB_DECL_ATOMIC[m[K'
  459 | [01;36m[K__TBB_DECL_ATOMIC[m[K(long)
      | [01;36m[K^~~~~~~~~~~~~~~~~[m[K
[01m[Klib/tbb_2020.3/include/tbb/atomic.h:437:32:[m[K [01;35m[Kwarning: [m[Ktemplate-id not allowed for constructor in C++20 [[01;35m[K-Wtemplate-id-cdtor[m[K]
  437 |             constexpr atomic<T>[01;35m[K([m[Kconst atomic<T>& rhs):                                              \
      |                                [01;35m[K^[m[K
[01m[Klib/tbb_2020.3/include/tbb/atomic.h:460:1:[m[K [01;36m[Knote: [m[Kin expansion of macro '[01m[K__TBB_DECL_ATOMIC[m[K'
  460 | [01;36m[K__TBB_DECL_ATOMIC[m[K(unsigned long)
      | [01;36m[K^~~~~~~~~~~~~~~~~[m[K
[01m[Klib/tbb_2020.3/include/tbb/atomic.h:437:32:[m[K [01;36m[Knote: [m[Kremove the '[01m[K< >[m[K'
  437 |             constexpr atomic<T>[01;36m[K([m[Kconst atomic<T>& rhs):                                              \
      |                                [01;36m[K^[m[K
[01m[Klib/tbb_2020.3/include/tbb/atomic.h:460:1:[m[K [01;36m[Knote: [m[Kin expansion of macro '[01m[K__TBB_DECL_ATOMIC[m[K'
  460 | [01;36m[K__TBB_DECL_ATOMIC[m[K(unsigned long)
      | [01;36m[K^~~~~~~~~~~~~~~~~[m[K
[01m[Klib/tbb_2020.3/include/tbb/atomic.h:437:32:[m[K [01;35m[Kwarning: [m[Ktemplate-id not allowed for constructor in C++20 [[01;35m[K-Wtemplate-id-cdtor[m[K]
  437 |             constexpr atomic<T>[01;35m[K([m[Kconst atomic<T>& rhs):                                              \
      |                                [01;35m[K^[m[K
[01m[Klib/tbb_2020.3/include/tbb/atomic.h:491:1:[m[K [01;36m[Knote: [m[Kin expansion of macro '[01m[K__TBB_DECL_ATOMIC[m[K'
  491 | [01;36m[K__TBB_DECL_ATOMIC[m[K(unsigned)
      | [01;36m[K^~~~~~~~~~~~~~~~~[m[K
[01m[Klib/tbb_2020.3/include/tbb/atomic.h:437:32:[m[K [01;36m[Knote: [m[Kremove the '[01m[K< >[m[K'
  437 |             constexpr atomic<T>[01;36m[K([m[Kconst atomic<T>& rhs):                                              \
      |                                [01;36m[K^[m[K
[01m[Klib/tbb_2020.3/include/tbb/atomic.h:491:1:[m[K [01;36m[Knote: [m[Kin expansion of macro '[01m[K__TBB_DECL_ATOMIC[m[K'
  491 | [01;36m[K__TBB_DECL_ATOMIC[m[K(unsigned)
      | [01;36m[K^~~~~~~~~~~~~~~~~[m[K
[01m[Klib/tbb_2020.3/include/tbb/atomic.h:437:32:[m[K [01;35m[Kwarning: [m[Ktemplate-id not allowed for constructor in C++20 [[01;35m[K-Wtemplate-id-cdtor[m[K]
  437 |             constexpr atomic<T>[01;35m[K([m[Kconst atomic<T>& rhs):                                              \
      |                                [01;35m[K^[m[K
[01m[Klib/tbb_2020.3/include/tbb/atomic.h:492:1:[m[K [01;36m[Knote: [m[Kin expansion of macro '[01m[K__TBB_DECL_ATOMIC[m[K'
  492 | [01;36m[K__TBB_DECL_ATOMIC[m[K(int)
      | [01;36m[K^~~~~~~~~~~~~~~~~[m[K
[01m[Klib/tbb_2020.3/include/tbb/atomic.h:437:32:[m[K [01;36m[Knote: [m[Kremove the '[01m[K< >[m[K'
  437 |             constexpr atomic<T>[01;36m[K([m[Kconst atomic<T>& rhs):                                              \
      |                                [01;36m[K^[m[K
[01m[Klib/tbb_2020.3/include/tbb/atomic.h:492:1:[m[K [01;36m[Knote: [m[Kin expansion of macro '[01m[K__TBB_DECL_ATOMIC[m[K'
  492 | [01;36m[K__TBB_DECL_ATOMIC[m[K(int)
      | [01;36m[K^~~~~~~~~~~~~~~~~[m[K
[01m[Klib/tbb_2020.3/include/tbb/atomic.h:437:32:[m[K [01;35m[Kwarning: [m[Ktemplate-id not allowed for constructor in C++20 [[01;35m[K-Wtemplate-id-cdtor[m[K]
  437 |             constexpr atomic<T>[01;35m[K([m[Kconst atomic<T>& rhs):                                              \
      |                                [01;35m[K^[m[K
[01m[Klib/tbb_2020.3/include/tbb/atomic.h:495:1:[m[K [01;36m[Knote: [m[Kin expansion of macro '[01m[K__TBB_DECL_ATOMIC[m[K'
  495 | [01;36m[K__TBB_DECL_ATOMIC[m[K(unsigned short)
      | [01;36m[K^~~~~~~~~~~~~~~~~[m[K
[01m[Klib/tbb_2020.3/include/tbb/atomic.h:437:32:[m[K [01;36m[Knote: [m[Kremove the '[01m[K< >[m[K'
  437 |             constexpr atomic<T>[01;36m[K([m[Kconst atomic<T>& rhs):                                              \
      |                                [01;36m[K^[m[K
[01m[Klib/tbb_2020.3/include/tbb/atomic.h:495:1:[m[K [01;36m[Knote: [m[Kin expansion of macro '[01m[K__TBB_DECL_ATOMIC[m[K'
  495 | [01;36m[K__TBB_DECL_ATOMIC[m[K(unsigned short)
      | [01;36m[K^~~~~~~~~~~~~~~~~[m[K
[01m[Klib/tbb_2020.3/include/tbb/atomic.h:437:32:[m[K [01;35m[Kwarning: [m[Ktemplate-id not allowed for constructor in C++20 [[01;35m[K-Wtemplate-id-cdtor[m[K]
  437 |             constexpr atomic<T>[01;35m[K([m[Kconst atomic<T>& rhs):                                              \
      |                                [01;35m[K^[m[K
[01m[Klib/tbb_2020.3/include/tbb/atomic.h:496:1:[m[K [01;36m[Knote: [m[Kin expansion of macro '[01m[K__TBB_DECL_ATOMIC[m[K'
  496 | [01;36m[K__TBB_DECL_ATOMIC[m[K(short)
      | [01;36m[K^~~~~~~~~~~~~~~~~[m[K
[01m[Klib/tbb_2020.3/include/tbb/atomic.h:437:32:[m[K [01;36m[Knote: [m[Kremove the '[01m[K< >[m[K'
  437 |             constexpr atomic<T>[01;36m[K([m[Kconst atomic<T>& rhs):                                              \
      |                                [01;36m[K^[m[K
[01m[Klib/tbb_2020.3/include/tbb/atomic.h:496:1:[m[K [01;36m[Knote: [m[Kin expansion of macro '[01m[K__TBB_DECL_ATOMIC[m[K'
  496 | [01;36m[K__TBB_DECL_ATOMIC[m[K(short)
      | [01;36m[K^~~~~~~~~~~~~~~~~[m[K
[01m[Klib/tbb_2020.3/include/tbb/atomic.h:437:32:[m[K [01;35m[Kwarning: [m[Ktemplate-id not allowed for constructor in C++20 [[01;35m[K-Wtemplate-id-cdtor[m[K]
  437 |             constexpr atomic<T>[01;35m[K([m[Kconst atomic<T>& rhs):                                              \
      |                                [01;35m[K^[m[K
[01m[Klib/tbb_2020.3/include/tbb/atomic.h:497:1:[m[K [01;36m[Knote: [m[Kin expansion of macro '[01m[K__TBB_DECL_ATOMIC[m[K'
  497 | [01;36m[K__TBB_DECL_ATOMIC[m[K(char)
      | [01;36m[K^~~~~~~~~~~~~~~~~[m[K
[01m[Klib/tbb_2020.3/include/tbb/atomic.h:437:32:[m[K [01;36m[Knote: [m[Kremove the '[01m[K< >[m[K'
  437 |             constexpr atomic<T>[01;36m[K([m[Kconst atomic<T>& rhs):                                              \
      |                                [01;36m[K^[m[K
[01m[Klib/tbb_2020.3/include/tbb/atomic.h:497:1:[m[K [01;36m[Knote: [m[Kin expansion of macro '[01m[K__TBB_DECL_ATOMIC[m[K'
  497 | [01;36m[K__TBB_DECL_ATOMIC[m[K(char)
      | [01;36m[K^~~~~~~~~~~~~~~~~[m[K
[01m[Klib/tbb_2020.3/include/tbb/atomic.h:437:32:[m[K [01;35m[Kwarning: [m[Ktemplate-id not allowed for constructor in C++20 [[01;35m[K-Wtemplate-id-cdtor[m[K]
  437 |             constexpr atomic<T>[01;35m[K([m[Kconst atomic<T>& rhs):                                              \
      |                                [01;35m[K^[m[K
[01m[Klib/tbb_2020.3/include/tbb/atomic.h:498:1:[m[K [01;36m[Knote: [m[Kin expansion of macro '[01m[K__TBB_DECL_ATOMIC[m[K'
  498 | [01;36m[K__TBB_DECL_ATOMIC[m[K(signed char)
      | [01;36m[K^~~~~~~~~~~~~~~~~[m[K
[01m[Klib/tbb_2020.3/include/tbb/atomic.h:437:32:[m[K [01;36m[Knote: [m[Kremove the '[01m[K< >[m[K'
  437 |             constexpr atomic<T>[01;36m[K([m[Kconst atomic<T>& rhs):                                              \
      |                                [01;36m[K^[m[K
[01m[Klib/tbb_2020.3/include/tbb/atomic.h:498:1:[m[K [01;36m[Knote: [m[Kin expansion of macro '[01m[K__TBB_DECL_ATOMIC[m[K'
  498 | [01;36m[K__TBB_DECL_ATOMIC[m[K(signed char)
      | [01;36m[K^~~~~~~~~~~~~~~~~[m[K
[01m[Klib/tbb_2020.3/include/tbb/atomic.h:437:32:[m[K [01;35m[Kwarning: [m[Ktemplate-id not allowed for constructor in C++20 [[01;35m[K-Wtemplate-id-cdtor[m[K]
  437 |             constexpr atomic<T>[01;35m[K([m[Kconst atomic<T>& rhs):                                              \
      |                                [01;35m[K^[m[K
[01m[Klib/tbb_2020.3/include/tbb/atomic.h:499:1:[m[K [01;36m[Knote: [m[Kin expansion of macro '[01m[K__TBB_DECL_ATOMIC[m[K'
  499 | [01;36m[K__TBB_DECL_ATOMIC[m[K(unsigned char)
      | [01;36m[K^~~~~~~~~~~~~~~~~[m[K
[01m[Klib/tbb_2020.3/include/tbb/atomic.h:437:32:[m[K [01;36m[Knote: [m[Kremove the '[01m[K< >[m[K'
  437 |             constexpr atomic<T>[01;36m[K([m[Kconst atomic<T>& rhs):                                              \
      |                                [01;36m[K^[m[K
[01m[Klib/tbb_2020.3/include/tbb/atomic.h:499:1:[m[K [01;36m[Knote: [m[Kin expansion of macro '[01m[K__TBB_DECL_ATOMIC[m[K'
  499 | [01;36m[K__TBB_DECL_ATOMIC[m[K(unsigned char)
      | [01;36m[K^~~~~~~~~~~~~~~~~[m[K
[01m[Klib/tbb_2020.3/include/tbb/atomic.h:437:32:[m[K [01;35m[Kwarning: [m[Ktemplate-id not allowed for constructor in C++20 [[01;35m[K-Wtemplate-id-cdtor[m[K]
  437 |             constexpr atomic<T>[01;35m[K([m[Kconst atomic<T>& rhs):                                              \
      |                                [01;35m[K^[m[K
[01m[Klib/tbb_2020.3/include/tbb/atomic.h:502:1:[m[K [01;36m[Knote: [m[Kin expansion of macro '[01m[K__TBB_DECL_ATOMIC[m[K'
  502 | [01;36m[K__TBB_DECL_ATOMIC[m[K(wchar_t)
      | [01;36m[K^~~~~~~~~~~~~~~~~[m[K
[01m[Klib/tbb_2020.3/include/tbb/atomic.h:437:32:[m[K [01;36m[Knote: [m[Kremove the '[01m[K< >[m[K'
  437 |             constexpr atomic<T>[01;36m[K([m[Kconst atomic<T>& rhs):                                              \
      |                                [01;36m[K^[m[K
[01m[Klib/tbb_2020.3/include/tbb/atomic.h:502:1:[m[K [01;36m[Knote: [m[Kin expansion of macro '[01m[K__TBB_DECL_ATOMIC[m[K'
  502 | [01;36m[K__TBB_DECL_ATOMIC[m[K(wchar_t)
      | [01;36m[K^~~~~~~~~~~~~~~~~[m[K
In file included from [01m[Klib/tbb_2020.3/include/tbb/tbb_profiling.h:123[m[K,
                 from [01m[Klib/tbb_2020.3/include/tbb/task.h:36[m[K,
                 from [01m[Klib/tbb_2020.3/include/tbb/task_arena.h:23[m[K,
                 from [01m[K./stan/math/prim/core/init_threadpool_tbb.hpp:18[m[K,
                 from [01m[K./stan/math/prim/core.hpp:4[m[K,
                 from [01m[K./stan/math/fwd/fun/Eigen_NumTraits.hpp:5[m[K,
                 from [01m[K./stan/math/mix.hpp:4[m[K,
                 from [01m[K./test/unit/math/test_ad.hpp:4[m[K,
                 from [01m[Ktest/unit/math/laplace/laplace_marginal_neg_binomial_log_summary_lpmf_test.cpp:2[m[K:
[01m[Klib/tbb_2020.3/include/tbb/atomic.h:422:24:[m[K [01;35m[Kwarning: [m[Ktemplate-id not allowed for constructor in C++20 [[01;35m[K-Wtemplate-id-cdtor[m[K]
  422 |     constexpr atomic<T>[01;35m[K([m[Kconst atomic<T>& rhs): internal::atomic_impl<T>(rhs) {}
      |                        [01;35m[K^[m[K
[01m[Klib/tbb_2020.3/include/tbb/atomic.h:422:24:[m[K [01;36m[Knote: [m[Kremove the '[01m[K< >[m[K'
[01m[Klib/tbb_2020.3/include/tbb/atomic.h:437:32:[m[K [01;35m[Kwarning: [m[Ktemplate-id not allowed for constructor in C++20 [[01;35m[K-Wtemplate-id-cdtor[m[K]
  437 |             constexpr atomic<T>[01;35m[K([m[Kconst atomic<T>& rhs):                                              \
      |                                [01;35m[K^[m[K
[01m[Klib/tbb_2020.3/include/tbb/atomic.h:454:1:[m[K [01;36m[Knote: [m[Kin expansion of macro '[01m[K__TBB_DECL_ATOMIC[m[K'
  454 | [01;36m[K__TBB_DECL_ATOMIC[m[K(__TBB_LONG_LONG)
      | [01;36m[K^~~~~~~~~~~~~~~~~[m[K
[01m[Klib/tbb_2020.3/include/tbb/atomic.h:437:32:[m[K [01;36m[Knote: [m[Kremove the '[01m[K< >[m[K'
  437 |             constexpr atomic<T>[01;36m[K([m[Kconst atomic<T>& rhs):                                              \
      |                                [01;36m[K^[m[K
[01m[Klib/tbb_2020.3/include/tbb/atomic.h:454:1:[m[K [01;36m[Knote: [m[Kin expansion of macro '[01m[K__TBB_DECL_ATOMIC[m[K'
  454 | [01;36m[K__TBB_DECL_ATOMIC[m[K(__TBB_LONG_LONG)
      | [01;36m[K^~~~~~~~~~~~~~~~~[m[K
[01m[Klib/tbb_2020.3/include/tbb/atomic.h:437:32:[m[K [01;35m[Kwarning: [m[Ktemplate-id not allowed for constructor in C++20 [[01;35m[K-Wtemplate-id-cdtor[m[K]
  437 |             constexpr atomic<T>[01;35m[K([m[Kconst atomic<T>& rhs):                                              \
      |                                [01;35m[K^[m[K
[01m[Klib/tbb_2020.3/include/tbb/atomic.h:455:1:[m[K [01;36m[Knote: [m[Kin expansion of macro '[01m[K__TBB_DECL_ATOMIC[m[K'
  455 | [01;36m[K__TBB_DECL_ATOMIC[m[K(unsigned __TBB_LONG_LONG)
      | [01;36m[K^~~~~~~~~~~~~~~~~[m[K
[01m[Klib/tbb_2020.3/include/tbb/atomic.h:437:32:[m[K [01;36m[Knote: [m[Kremove the '[01m[K< >[m[K'
  437 |             constexpr atomic<T>[01;36m[K([m[Kconst atomic<T>& rhs):                                              \
      |                                [01;36m[K^[m[K
[01m[Klib/tbb_2020.3/include/tbb/atomic.h:455:1:[m[K [01;36m[Knote: [m[Kin expansion of macro '[01m[K__TBB_DECL_ATOMIC[m[K'
  455 | [01;36m[K__TBB_DECL_ATOMIC[m[K(unsigned __TBB_LONG_LONG)
      | [01;36m[K^~~~~~~~~~~~~~~~~[m[K
[01m[Klib/tbb_2020.3/include/tbb/atomic.h:437:32:[m[K [01;35m[Kwarning: [m[Ktemplate-id not allowed for constructor in C++20 [[01;35m[K-Wtemplate-id-cdtor[m[K]
  437 |             constexpr atomic<T>[01;35m[K([m[Kconst atomic<T>& rhs):                                              \
      |                                [01;35m[K^[m[K
[01m[Klib/tbb_2020.3/include/tbb/atomic.h:459:1:[m[K [01;36m[Knote: [m[Kin expansion of macro '[01m[K__TBB_DECL_ATOMIC[m[K'
  459 | [01;36m[K__TBB_DECL_ATOMIC[m[K(long)
      | [01;36m[K^~~~~~~~~~~~~~~~~[m[K
[01m[Klib/tbb_2020.3/include/tbb/atomic.h:437:32:[m[K [01;36m[Knote: [m[Kremove the '[01m[K< >[m[K'
  437 |             constexpr atomic<T>[01;36m[K([m[Kconst atomic<T>& rhs):                                              \
      |                                [01;36m[K^[m[K
[01m[Klib/tbb_2020.3/include/tbb/atomic.h:459:1:[m[K [01;36m[Knote: [m[Kin expansion of macro '[01m[K__TBB_DECL_ATOMIC[m[K'
  459 | [01;36m[K__TBB_DECL_ATOMIC[m[K(long)
      | [01;36m[K^~~~~~~~~~~~~~~~~[m[K
[01m[Klib/tbb_2020.3/include/tbb/atomic.h:437:32:[m[K [01;35m[Kwarning: [m[Ktemplate-id not allowed for constructor in C++20 [[01;35m[K-Wtemplate-id-cdtor[m[K]
  437 |             constexpr atomic<T>[01;35m[K([m[Kconst atomic<T>& rhs):                                              \
      |                                [01;35m[K^[m[K
[01m[Klib/tbb_2020.3/include/tbb/atomic.h:460:1:[m[K [01;36m[Knote: [m[Kin expansion of macro '[01m[K__TBB_DECL_ATOMIC[m[K'
  460 | [01;36m[K__TBB_DECL_ATOMIC[m[K(unsigned long)
      | [01;36m[K^~~~~~~~~~~~~~~~~[m[K
[01m[Klib/tbb_2020.3/include/tbb/atomic.h:437:32:[m[K [01;36m[Knote: [m[Kremove the '[01m[K< >[m[K'
  437 |             constexpr atomic<T>[01;36m[K([m[Kconst atomic<T>& rhs):                                              \
      |                                [01;36m[K^[m[K
[01m[Klib/tbb_2020.3/include/tbb/atomic.h:460:1:[m[K [01;36m[Knote: [m[Kin expansion of macro '[01m[K__TBB_DECL_ATOMIC[m[K'
  460 | [01;36m[K__TBB_DECL_ATOMIC[m[K(unsigned long)
      | [01;36m[K^~~~~~~~~~~~~~~~~[m[K
[01m[Klib/tbb_2020.3/include/tbb/atomic.h:437:32:[m[K [01;35m[Kwarning: [m[Ktemplate-id not allowed for constructor in C++20 [[01;35m[K-Wtemplate-id-cdtor[m[K]
  437 |             constexpr atomic<T>[01;35m[K([m[Kconst atomic<T>& rhs):                                              \
      |                                [01;35m[K^[m[K
[01m[Klib/tbb_2020.3/include/tbb/atomic.h:491:1:[m[K [01;36m[Knote: [m[Kin expansion of macro '[01m[K__TBB_DECL_ATOMIC[m[K'
  491 | [01;36m[K__TBB_DECL_ATOMIC[m[K(unsigned)
      | [01;36m[K^~~~~~~~~~~~~~~~~[m[K
[01m[Klib/tbb_2020.3/include/tbb/atomic.h:437:32:[m[K [01;36m[Knote: [m[Kremove the '[01m[K< >[m[K'
  437 |             constexpr atomic<T>[01;36m[K([m[Kconst atomic<T>& rhs):                                              \
      |                                [01;36m[K^[m[K
[01m[Klib/tbb_2020.3/include/tbb/atomic.h:491:1:[m[K [01;36m[Knote: [m[Kin expansion of macro '[01m[K__TBB_DECL_ATOMIC[m[K'
  491 | [01;36m[K__TBB_DECL_ATOMIC[m[K(unsigned)
      | [01;36m[K^~~~~~~~~~~~~~~~~[m[K
[01m[Klib/tbb_2020.3/include/tbb/atomic.h:437:32:[m[K [01;35m[Kwarning: [m[Ktemplate-id not allowed for constructor in C++20 [[01;35m[K-Wtemplate-id-cdtor[m[K]
  437 |             constexpr atomic<T>[01;35m[K([m[Kconst atomic<T>& rhs):                                              \
      |                                [01;35m[K^[m[K
[01m[Klib/tbb_2020.3/include/tbb/atomic.h:492:1:[m[K [01;36m[Knote: [m[Kin expansion of macro '[01m[K__TBB_DECL_ATOMIC[m[K'
  492 | [01;36m[K__TBB_DECL_ATOMIC[m[K(int)
      | [01;36m[K^~~~~~~~~~~~~~~~~[m[K
[01m[Klib/tbb_2020.3/include/tbb/atomic.h:437:32:[m[K [01;36m[Knote: [m[Kremove the '[01m[K< >[m[K'
  437 |             constexpr atomic<T>[01;36m[K([m[Kconst atomic<T>& rhs):                                              \
      |                                [01;36m[K^[m[K
[01m[Klib/tbb_2020.3/include/tbb/atomic.h:492:1:[m[K [01;36m[Knote: [m[Kin expansion of macro '[01m[K__TBB_DECL_ATOMIC[m[K'
  492 | [01;36m[K__TBB_DECL_ATOMIC[m[K(int)
      | [01;36m[K^~~~~~~~~~~~~~~~~[m[K
[01m[Klib/tbb_2020.3/include/tbb/atomic.h:437:32:[m[K [01;35m[Kwarning: [m[Ktemplate-id not allowed for constructor in C++20 [[01;35m[K-Wtemplate-id-cdtor[m[K]
  437 |             constexpr atomic<T>[01;35m[K([m[Kconst atomic<T>& rhs):                                              \
      |                                [01;35m[K^[m[K
[01m[Klib/tbb_2020.3/include/tbb/atomic.h:495:1:[m[K [01;36m[Knote: [m[Kin expansion of macro '[01m[K__TBB_DECL_ATOMIC[m[K'
  495 | [01;36m[K__TBB_DECL_ATOMIC[m[K(unsigned short)
      | [01;36m[K^~~~~~~~~~~~~~~~~[m[K
[01m[Klib/tbb_2020.3/include/tbb/atomic.h:437:32:[m[K [01;36m[Knote: [m[Kremove the '[01m[K< >[m[K'
  437 |             constexpr atomic<T>[01;36m[K([m[Kconst atomic<T>& rhs):                                              \
      |                                [01;36m[K^[m[K
[01m[Klib/tbb_2020.3/include/tbb/atomic.h:495:1:[m[K [01;36m[Knote: [m[Kin expansion of macro '[01m[K__TBB_DECL_ATOMIC[m[K'
  495 | [01;36m[K__TBB_DECL_ATOMIC[m[K(unsigned short)
      | [01;36m[K^~~~~~~~~~~~~~~~~[m[K
[01m[Klib/tbb_2020.3/include/tbb/atomic.h:437:32:[m[K [01;35m[Kwarning: [m[Ktemplate-id not allowed for constructor in C++20 [[01;35m[K-Wtemplate-id-cdtor[m[K]
  437 |             constexpr atomic<T>[01;35m[K([m[Kconst atomic<T>& rhs):                                              \
      |                                [01;35m[K^[m[K
[01m[Klib/tbb_2020.3/include/tbb/atomic.h:496:1:[m[K [01;36m[Knote: [m[Kin expansion of macro '[01m[K__TBB_DECL_ATOMIC[m[K'
  496 | [01;36m[K__TBB_DECL_ATOMIC[m[K(short)
      | [01;36m[K^~~~~~~~~~~~~~~~~[m[K
[01m[Klib/tbb_2020.3/include/tbb/atomic.h:437:32:[m[K [01;36m[Knote: [m[Kremove the '[01m[K< >[m[K'
  437 |             constexpr atomic<T>[01;36m[K([m[Kconst atomic<T>& rhs):                                              \
      |                                [01;36m[K^[m[K
[01m[Klib/tbb_2020.3/include/tbb/atomic.h:496:1:[m[K [01;36m[Knote: [m[Kin expansion of macro '[01m[K__TBB_DECL_ATOMIC[m[K'
  496 | [01;36m[K__TBB_DECL_ATOMIC[m[K(short)
      | [01;36m[K^~~~~~~~~~~~~~~~~[m[K
[01m[Klib/tbb_2020.3/include/tbb/atomic.h:437:32:[m[K [01;35m[Kwarning: [m[Ktemplate-id not allowed for constructor in C++20 [[01;35m[K-Wtemplate-id-cdtor[m[K]
  437 |             constexpr atomic<T>[01;35m[K([m[Kconst atomic<T>& rhs):                                              \
      |                                [01;35m[K^[m[K
[01m[Klib/tbb_2020.3/include/tbb/atomic.h:497:1:[m[K [01;36m[Knote: [m[Kin expansion of macro '[01m[K__TBB_DECL_ATOMIC[m[K'
  497 | [01;36m[K__TBB_DECL_ATOMIC[m[K(char)
      | [01;36m[K^~~~~~~~~~~~~~~~~[m[K
[01m[Klib/tbb_2020.3/include/tbb/atomic.h:437:32:[m[K [01;36m[Knote: [m[Kremove the '[01m[K< >[m[K'
  437 |             constexpr atomic<T>[01;36m[K([m[Kconst atomic<T>& rhs):                                              \
      |                                [01;36m[K^[m[K
[01m[Klib/tbb_2020.3/include/tbb/atomic.h:497:1:[m[K [01;36m[Knote: [m[Kin expansion of macro '[01m[K__TBB_DECL_ATOMIC[m[K'
  497 | [01;36m[K__TBB_DECL_ATOMIC[m[K(char)
      | [01;36m[K^~~~~~~~~~~~~~~~~[m[K
[01m[Klib/tbb_2020.3/include/tbb/atomic.h:437:32:[m[K [01;35m[Kwarning: [m[Ktemplate-id not allowed for constructor in C++20 [[01;35m[K-Wtemplate-id-cdtor[m[K]
  437 |             constexpr atomic<T>[01;35m[K([m[Kconst atomic<T>& rhs):                                              \
      |                                [01;35m[K^[m[K
[01m[Klib/tbb_2020.3/include/tbb/atomic.h:498:1:[m[K [01;36m[Knote: [m[Kin expansion of macro '[01m[K__TBB_DECL_ATOMIC[m[K'
  498 | [01;36m[K__TBB_DECL_ATOMIC[m[K(signed char)
      | [01;36m[K^~~~~~~~~~~~~~~~~[m[K
[01m[Klib/tbb_2020.3/include/tbb/atomic.h:437:32:[m[K [01;36m[Knote: [m[Kremove the '[01m[K< >[m[K'
  437 |             constexpr atomic<T>[01;36m[K([m[Kconst atomic<T>& rhs):                                              \
      |                                [01;36m[K^[m[K
[01m[Klib/tbb_2020.3/include/tbb/atomic.h:498:1:[m[K [01;36m[Knote: [m[Kin expansion of macro '[01m[K__TBB_DECL_ATOMIC[m[K'
  498 | [01;36m[K__TBB_DECL_ATOMIC[m[K(signed char)
      | [01;36m[K^~~~~~~~~~~~~~~~~[m[K
[01m[Klib/tbb_2020.3/include/tbb/atomic.h:437:32:[m[K [01;35m[Kwarning: [m[Ktemplate-id not allowed for constructor in C++20 [[01;35m[K-Wtemplate-id-cdtor[m[K]
  437 |             constexpr atomic<T>[01;35m[K([m[Kconst atomic<T>& rhs):                                              \
      |                                [01;35m[K^[m[K
[01m[Klib/tbb_2020.3/include/tbb/atomic.h:499:1:[m[K [01;36m[Knote: [m[Kin expansion of macro '[01m[K__TBB_DECL_ATOMIC[m[K'
  499 | [01;36m[K__TBB_DECL_ATOMIC[m[K(unsigned char)
      | [01;36m[K^~~~~~~~~~~~~~~~~[m[K
[01m[Klib/tbb_2020.3/include/tbb/atomic.h:437:32:[m[K [01;36m[Knote: [m[Kremove the '[01m[K< >[m[K'
  437 |             constexpr atomic<T>[01;36m[K([m[Kconst atomic<T>& rhs):                                              \
      |                                [01;36m[K^[m[K
[01m[Klib/tbb_2020.3/include/tbb/atomic.h:499:1:[m[K [01;36m[Knote: [m[Kin expansion of macro '[01m[K__TBB_DECL_ATOMIC[m[K'
  499 | [01;36m[K__TBB_DECL_ATOMIC[m[K(unsigned char)
      | [01;36m[K^~~~~~~~~~~~~~~~~[m[K
[01m[Klib/tbb_2020.3/include/tbb/atomic.h:437:32:[m[K [01;35m[Kwarning: [m[Ktemplate-id not allowed for constructor in C++20 [[01;35m[K-Wtemplate-id-cdtor[m[K]
  437 |             constexpr atomic<T>[01;35m[K([m[Kconst atomic<T>& rhs):                                              \
      |                                [01;35m[K^[m[K
[01m[Klib/tbb_2020.3/include/tbb/atomic.h:502:1:[m[K [01;36m[Knote: [m[Kin expansion of macro '[01m[K__TBB_DECL_ATOMIC[m[K'
  502 | [01;36m[K__TBB_DECL_ATOMIC[m[K(wchar_t)
      | [01;36m[K^~~~~~~~~~~~~~~~~[m[K
[01m[Klib/tbb_2020.3/include/tbb/atomic.h:437:32:[m[K [01;36m[Knote: [m[Kremove the '[01m[K< >[m[K'
  437 |             constexpr atomic<T>[01;36m[K([m[Kconst atomic<T>& rhs):                                              \
      |                                [01;36m[K^[m[K
[01m[Klib/tbb_2020.3/include/tbb/atomic.h:502:1:[m[K [01;36m[Knote: [m[Kin expansion of macro '[01m[K__TBB_DECL_ATOMIC[m[K'
  502 | [01;36m[K__TBB_DECL_ATOMIC[m[K(wchar_t)
      | [01;36m[K^~~~~~~~~~~~~~~~~[m[K
In file included from [01m[Klib/tbb_2020.3/include/tbb/tbb_profiling.h:123[m[K,
                 from [01m[Klib/tbb_2020.3/include/tbb/task.h:36[m[K,
                 from [01m[Klib/tbb_2020.3/include/tbb/task_arena.h:23[m[K,
                 from [01m[K./stan/math/prim/core/init_threadpool_tbb.hpp:18[m[K,
                 from [01m[K./stan/math/prim/core.hpp:4[m[K,
                 from [01m[K./stan/math/fwd/fun/Eigen_NumTraits.hpp:5[m[K,
                 from [01m[K./stan/math/mix.hpp:4[m[K,
                 from [01m[K./test/unit/math/test_ad.hpp:4[m[K,
                 from [01m[Ktest/unit/math/laplace/laplace_types_test.cpp:1[m[K:
[01m[Klib/tbb_2020.3/include/tbb/atomic.h:422:24:[m[K [01;35m[Kwarning: [m[Ktemplate-id not allowed for constructor in C++20 [[01;35m[K-Wtemplate-id-cdtor[m[K]
  422 |     constexpr atomic<T>[01;35m[K([m[Kconst atomic<T>& rhs): internal::atomic_impl<T>(rhs) {}
      |                        [01;35m[K^[m[K
[01m[Klib/tbb_2020.3/include/tbb/atomic.h:422:24:[m[K [01;36m[Knote: [m[Kremove the '[01m[K< >[m[K'
[01m[Klib/tbb_2020.3/include/tbb/atomic.h:437:32:[m[K [01;35m[Kwarning: [m[Ktemplate-id not allowed for constructor in C++20 [[01;35m[K-Wtemplate-id-cdtor[m[K]
  437 |             constexpr atomic<T>[01;35m[K([m[Kconst atomic<T>& rhs):                                              \
      |                                [01;35m[K^[m[K
[01m[Klib/tbb_2020.3/include/tbb/atomic.h:454:1:[m[K [01;36m[Knote: [m[Kin expansion of macro '[01m[K__TBB_DECL_ATOMIC[m[K'
  454 | [01;36m[K__TBB_DECL_ATOMIC[m[K(__TBB_LONG_LONG)
      | [01;36m[K^~~~~~~~~~~~~~~~~[m[K
[01m[Klib/tbb_2020.3/include/tbb/atomic.h:437:32:[m[K [01;36m[Knote: [m[Kremove the '[01m[K< >[m[K'
  437 |             constexpr atomic<T>[01;36m[K([m[Kconst atomic<T>& rhs):                                              \
      |                                [01;36m[K^[m[K
[01m[Klib/tbb_2020.3/include/tbb/atomic.h:454:1:[m[K [01;36m[Knote: [m[Kin expansion of macro '[01m[K__TBB_DECL_ATOMIC[m[K'
  454 | [01;36m[K__TBB_DECL_ATOMIC[m[K(__TBB_LONG_LONG)
      | [01;36m[K^~~~~~~~~~~~~~~~~[m[K
[01m[Klib/tbb_2020.3/include/tbb/atomic.h:437:32:[m[K [01;35m[Kwarning: [m[Ktemplate-id not allowed for constructor in C++20 [[01;35m[K-Wtemplate-id-cdtor[m[K]
  437 |             constexpr atomic<T>[01;35m[K([m[Kconst atomic<T>& rhs):                                              \
      |                                [01;35m[K^[m[K
[01m[Klib/tbb_2020.3/include/tbb/atomic.h:455:1:[m[K [01;36m[Knote: [m[Kin expansion of macro '[01m[K__TBB_DECL_ATOMIC[m[K'
  455 | [01;36m[K__TBB_DECL_ATOMIC[m[K(unsigned __TBB_LONG_LONG)
      | [01;36m[K^~~~~~~~~~~~~~~~~[m[K
[01m[Klib/tbb_2020.3/include/tbb/atomic.h:437:32:[m[K [01;36m[Knote: [m[Kremove the '[01m[K< >[m[K'
  437 |             constexpr atomic<T>[01;36m[K([m[Kconst atomic<T>& rhs):                                              \
      |                                [01;36m[K^[m[K
[01m[Klib/tbb_2020.3/include/tbb/atomic.h:455:1:[m[K [01;36m[Knote: [m[Kin expansion of macro '[01m[K__TBB_DECL_ATOMIC[m[K'
  455 | [01;36m[K__TBB_DECL_ATOMIC[m[K(unsigned __TBB_LONG_LONG)
      | [01;36m[K^~~~~~~~~~~~~~~~~[m[K
[01m[Klib/tbb_2020.3/include/tbb/atomic.h:437:32:[m[K [01;35m[Kwarning: [m[Ktemplate-id not allowed for constructor in C++20 [[01;35m[K-Wtemplate-id-cdtor[m[K]
  437 |             constexpr atomic<T>[01;35m[K([m[Kconst atomic<T>& rhs):                                              \
      |                                [01;35m[K^[m[K
[01m[Klib/tbb_2020.3/include/tbb/atomic.h:459:1:[m[K [01;36m[Knote: [m[Kin expansion of macro '[01m[K__TBB_DECL_ATOMIC[m[K'
  459 | [01;36m[K__TBB_DECL_ATOMIC[m[K(long)
      | [01;36m[K^~~~~~~~~~~~~~~~~[m[K
[01m[Klib/tbb_2020.3/include/tbb/atomic.h:437:32:[m[K [01;36m[Knote: [m[Kremove the '[01m[K< >[m[K'
  437 |             constexpr atomic<T>[01;36m[K([m[Kconst atomic<T>& rhs):                                              \
      |                                [01;36m[K^[m[K
[01m[Klib/tbb_2020.3/include/tbb/atomic.h:459:1:[m[K [01;36m[Knote: [m[Kin expansion of macro '[01m[K__TBB_DECL_ATOMIC[m[K'
  459 | [01;36m[K__TBB_DECL_ATOMIC[m[K(long)
      | [01;36m[K^~~~~~~~~~~~~~~~~[m[K
[01m[Klib/tbb_2020.3/include/tbb/atomic.h:437:32:[m[K [01;35m[Kwarning: [m[Ktemplate-id not allowed for constructor in C++20 [[01;35m[K-Wtemplate-id-cdtor[m[K]
  437 |             constexpr atomic<T>[01;35m[K([m[Kconst atomic<T>& rhs):                                              \
      |                                [01;35m[K^[m[K
[01m[Klib/tbb_2020.3/include/tbb/atomic.h:460:1:[m[K [01;36m[Knote: [m[Kin expansion of macro '[01m[K__TBB_DECL_ATOMIC[m[K'
  460 | [01;36m[K__TBB_DECL_ATOMIC[m[K(unsigned long)
      | [01;36m[K^~~~~~~~~~~~~~~~~[m[K
[01m[Klib/tbb_2020.3/include/tbb/atomic.h:437:32:[m[K [01;36m[Knote: [m[Kremove the '[01m[K< >[m[K'
  437 |             constexpr atomic<T>[01;36m[K([m[Kconst atomic<T>& rhs):                                              \
      |                                [01;36m[K^[m[K
[01m[Klib/tbb_2020.3/include/tbb/atomic.h:460:1:[m[K [01;36m[Knote: [m[Kin expansion of macro '[01m[K__TBB_DECL_ATOMIC[m[K'
  460 | [01;36m[K__TBB_DECL_ATOMIC[m[K(unsigned long)
      | [01;36m[K^~~~~~~~~~~~~~~~~[m[K
[01m[Klib/tbb_2020.3/include/tbb/atomic.h:437:32:[m[K [01;35m[Kwarning: [m[Ktemplate-id not allowed for constructor in C++20 [[01;35m[K-Wtemplate-id-cdtor[m[K]
  437 |             constexpr atomic<T>[01;35m[K([m[Kconst atomic<T>& rhs):                                              \
      |                                [01;35m[K^[m[K
[01m[Klib/tbb_2020.3/include/tbb/atomic.h:491:1:[m[K [01;36m[Knote: [m[Kin expansion of macro '[01m[K__TBB_DECL_ATOMIC[m[K'
  491 | [01;36m[K__TBB_DECL_ATOMIC[m[K(unsigned)
      | [01;36m[K^~~~~~~~~~~~~~~~~[m[K
[01m[Klib/tbb_2020.3/include/tbb/atomic.h:437:32:[m[K [01;36m[Knote: [m[Kremove the '[01m[K< >[m[K'
  437 |             constexpr atomic<T>[01;36m[K([m[Kconst atomic<T>& rhs):                                              \
      |                                [01;36m[K^[m[K
[01m[Klib/tbb_2020.3/include/tbb/atomic.h:491:1:[m[K [01;36m[Knote: [m[Kin expansion of macro '[01m[K__TBB_DECL_ATOMIC[m[K'
  491 | [01;36m[K__TBB_DECL_ATOMIC[m[K(unsigned)
      | [01;36m[K^~~~~~~~~~~~~~~~~[m[K
[01m[Klib/tbb_2020.3/include/tbb/atomic.h:437:32:[m[K [01;35m[Kwarning: [m[Ktemplate-id not allowed for constructor in C++20 [[01;35m[K-Wtemplate-id-cdtor[m[K]
  437 |             constexpr atomic<T>[01;35m[K([m[Kconst atomic<T>& rhs):                                              \
      |                                [01;35m[K^[m[K
[01m[Klib/tbb_2020.3/include/tbb/atomic.h:492:1:[m[K [01;36m[Knote: [m[Kin expansion of macro '[01m[K__TBB_DECL_ATOMIC[m[K'
  492 | [01;36m[K__TBB_DECL_ATOMIC[m[K(int)
      | [01;36m[K^~~~~~~~~~~~~~~~~[m[K
[01m[Klib/tbb_2020.3/include/tbb/atomic.h:437:32:[m[K [01;36m[Knote: [m[Kremove the '[01m[K< >[m[K'
  437 |             constexpr atomic<T>[01;36m[K([m[Kconst atomic<T>& rhs):                                              \
      |                                [01;36m[K^[m[K
[01m[Klib/tbb_2020.3/include/tbb/atomic.h:492:1:[m[K [01;36m[Knote: [m[Kin expansion of macro '[01m[K__TBB_DECL_ATOMIC[m[K'
  492 | [01;36m[K__TBB_DECL_ATOMIC[m[K(int)
      | [01;36m[K^~~~~~~~~~~~~~~~~[m[K
[01m[Klib/tbb_2020.3/include/tbb/atomic.h:437:32:[m[K [01;35m[Kwarning: [m[Ktemplate-id not allowed for constructor in C++20 [[01;35m[K-Wtemplate-id-cdtor[m[K]
  437 |             constexpr atomic<T>[01;35m[K([m[Kconst atomic<T>& rhs):                                              \
      |                                [01;35m[K^[m[K
[01m[Klib/tbb_2020.3/include/tbb/atomic.h:495:1:[m[K [01;36m[Knote: [m[Kin expansion of macro '[01m[K__TBB_DECL_ATOMIC[m[K'
  495 | [01;36m[K__TBB_DECL_ATOMIC[m[K(unsigned short)
      | [01;36m[K^~~~~~~~~~~~~~~~~[m[K
[01m[Klib/tbb_2020.3/include/tbb/atomic.h:437:32:[m[K [01;36m[Knote: [m[Kremove the '[01m[K< >[m[K'
  437 |             constexpr atomic<T>[01;36m[K([m[Kconst atomic<T>& rhs):                                              \
      |                                [01;36m[K^[m[K
[01m[Klib/tbb_2020.3/include/tbb/atomic.h:495:1:[m[K [01;36m[Knote: [m[Kin expansion of macro '[01m[K__TBB_DECL_ATOMIC[m[K'
  495 | [01;36m[K__TBB_DECL_ATOMIC[m[K(unsigned short)
      | [01;36m[K^~~~~~~~~~~~~~~~~[m[K
[01m[Klib/tbb_2020.3/include/tbb/atomic.h:437:32:[m[K [01;35m[Kwarning: [m[Ktemplate-id not allowed for constructor in C++20 [[01;35m[K-Wtemplate-id-cdtor[m[K]
  437 |             constexpr atomic<T>[01;35m[K([m[Kconst atomic<T>& rhs):                                              \
      |                                [01;35m[K^[m[K
[01m[Klib/tbb_2020.3/include/tbb/atomic.h:496:1:[m[K [01;36m[Knote: [m[Kin expansion of macro '[01m[K__TBB_DECL_ATOMIC[m[K'
  496 | [01;36m[K__TBB_DECL_ATOMIC[m[K(short)
      | [01;36m[K^~~~~~~~~~~~~~~~~[m[K
[01m[Klib/tbb_2020.3/include/tbb/atomic.h:437:32:[m[K [01;36m[Knote: [m[Kremove the '[01m[K< >[m[K'
  437 |             constexpr atomic<T>[01;36m[K([m[Kconst atomic<T>& rhs):                                              \
      |                                [01;36m[K^[m[K
[01m[Klib/tbb_2020.3/include/tbb/atomic.h:496:1:[m[K [01;36m[Knote: [m[Kin expansion of macro '[01m[K__TBB_DECL_ATOMIC[m[K'
  496 | [01;36m[K__TBB_DECL_ATOMIC[m[K(short)
      | [01;36m[K^~~~~~~~~~~~~~~~~[m[K
[01m[Klib/tbb_2020.3/include/tbb/atomic.h:437:32:[m[K [01;35m[Kwarning: [m[Ktemplate-id not allowed for constructor in C++20 [[01;35m[K-Wtemplate-id-cdtor[m[K]
  437 |             constexpr atomic<T>[01;35m[K([m[Kconst atomic<T>& rhs):                                              \
      |                                [01;35m[K^[m[K
[01m[Klib/tbb_2020.3/include/tbb/atomic.h:497:1:[m[K [01;36m[Knote: [m[Kin expansion of macro '[01m[K__TBB_DECL_ATOMIC[m[K'
  497 | [01;36m[K__TBB_DECL_ATOMIC[m[K(char)
      | [01;36m[K^~~~~~~~~~~~~~~~~[m[K
[01m[Klib/tbb_2020.3/include/tbb/atomic.h:437:32:[m[K [01;36m[Knote: [m[Kremove the '[01m[K< >[m[K'
  437 |             constexpr atomic<T>[01;36m[K([m[Kconst atomic<T>& rhs):                                              \
      |                                [01;36m[K^[m[K
[01m[Klib/tbb_2020.3/include/tbb/atomic.h:497:1:[m[K [01;36m[Knote: [m[Kin expansion of macro '[01m[K__TBB_DECL_ATOMIC[m[K'
  497 | [01;36m[K__TBB_DECL_ATOMIC[m[K(char)
      | [01;36m[K^~~~~~~~~~~~~~~~~[m[K
[01m[Klib/tbb_2020.3/include/tbb/atomic.h:437:32:[m[K [01;35m[Kwarning: [m[Ktemplate-id not allowed for constructor in C++20 [[01;35m[K-Wtemplate-id-cdtor[m[K]
  437 |             constexpr atomic<T>[01;35m[K([m[Kconst atomic<T>& rhs):                                              \
      |                                [01;35m[K^[m[K
[01m[Klib/tbb_2020.3/include/tbb/atomic.h:498:1:[m[K [01;36m[Knote: [m[Kin expansion of macro '[01m[K__TBB_DECL_ATOMIC[m[K'
  498 | [01;36m[K__TBB_DECL_ATOMIC[m[K(signed char)
      | [01;36m[K^~~~~~~~~~~~~~~~~[m[K
[01m[Klib/tbb_2020.3/include/tbb/atomic.h:437:32:[m[K [01;36m[Knote: [m[Kremove the '[01m[K< >[m[K'
  437 |             constexpr atomic<T>[01;36m[K([m[Kconst atomic<T>& rhs):                                              \
      |                                [01;36m[K^[m[K
[01m[Klib/tbb_2020.3/include/tbb/atomic.h:498:1:[m[K [01;36m[Knote: [m[Kin expansion of macro '[01m[K__TBB_DECL_ATOMIC[m[K'
  498 | [01;36m[K__TBB_DECL_ATOMIC[m[K(signed char)
      | [01;36m[K^~~~~~~~~~~~~~~~~[m[K
[01m[Klib/tbb_2020.3/include/tbb/atomic.h:437:32:[m[K [01;35m[Kwarning: [m[Ktemplate-id not allowed for constructor in C++20 [[01;35m[K-Wtemplate-id-cdtor[m[K]
  437 |             constexpr atomic<T>[01;35m[K([m[Kconst atomic<T>& rhs):                                              \
      |                                [01;35m[K^[m[K
[01m[Klib/tbb_2020.3/include/tbb/atomic.h:499:1:[m[K [01;36m[Knote: [m[Kin expansion of macro '[01m[K__TBB_DECL_ATOMIC[m[K'
  499 | [01;36m[K__TBB_DECL_ATOMIC[m[K(unsigned char)
      | [01;36m[K^~~~~~~~~~~~~~~~~[m[K
[01m[Klib/tbb_2020.3/include/tbb/atomic.h:437:32:[m[K [01;36m[Knote: [m[Kremove the '[01m[K< >[m[K'
  437 |             constexpr atomic<T>[01;36m[K([m[Kconst atomic<T>& rhs):                                              \
      |                                [01;36m[K^[m[K
[01m[Klib/tbb_2020.3/include/tbb/atomic.h:499:1:[m[K [01;36m[Knote: [m[Kin expansion of macro '[01m[K__TBB_DECL_ATOMIC[m[K'
  499 | [01;36m[K__TBB_DECL_ATOMIC[m[K(unsigned char)
      | [01;36m[K^~~~~~~~~~~~~~~~~[m[K
[01m[Klib/tbb_2020.3/include/tbb/atomic.h:437:32:[m[K [01;35m[Kwarning: [m[Ktemplate-id not allowed for constructor in C++20 [[01;35m[K-Wtemplate-id-cdtor[m[K]
  437 |             constexpr atomic<T>[01;35m[K([m[Kconst atomic<T>& rhs):                                              \
      |                                [01;35m[K^[m[K
[01m[Klib/tbb_2020.3/include/tbb/atomic.h:502:1:[m[K [01;36m[Knote: [m[Kin expansion of macro '[01m[K__TBB_DECL_ATOMIC[m[K'
  502 | [01;36m[K__TBB_DECL_ATOMIC[m[K(wchar_t)
      | [01;36m[K^~~~~~~~~~~~~~~~~[m[K
[01m[Klib/tbb_2020.3/include/tbb/atomic.h:437:32:[m[K [01;36m[Knote: [m[Kremove the '[01m[K< >[m[K'
  437 |             constexpr atomic<T>[01;36m[K([m[Kconst atomic<T>& rhs):                                              \
      |                                [01;36m[K^[m[K
[01m[Klib/tbb_2020.3/include/tbb/atomic.h:502:1:[m[K [01;36m[Knote: [m[Kin expansion of macro '[01m[K__TBB_DECL_ATOMIC[m[K'
  502 | [01;36m[K__TBB_DECL_ATOMIC[m[K(wchar_t)
      | [01;36m[K^~~~~~~~~~~~~~~~~[m[K
In file included from [01m[Klib/tbb_2020.3/include/tbb/tbb_profiling.h:123[m[K,
                 from [01m[Klib/tbb_2020.3/include/tbb/task.h:36[m[K,
                 from [01m[Klib/tbb_2020.3/include/tbb/task_arena.h:23[m[K,
                 from [01m[K./stan/math/prim/core/init_threadpool_tbb.hpp:18[m[K,
                 from [01m[K./stan/math/prim/core.hpp:4[m[K,
                 from [01m[K./stan/math/fwd/fun/Eigen_NumTraits.hpp:5[m[K,
                 from [01m[K./stan/math/mix.hpp:4[m[K,
                 from [01m[K./test/unit/math/test_ad.hpp:4[m[K,
                 from [01m[Ktest/unit/math/laplace/laplace_marginal_bernoulli_logit_lpmf_test.cpp:1[m[K:
[01m[Klib/tbb_2020.3/include/tbb/atomic.h:422:24:[m[K [01;35m[Kwarning: [m[Ktemplate-id not allowed for constructor in C++20 [[01;35m[K-Wtemplate-id-cdtor[m[K]
  422 |     constexpr atomic<T>[01;35m[K([m[Kconst atomic<T>& rhs): internal::atomic_impl<T>(rhs) {}
      |                        [01;35m[K^[m[K
[01m[Klib/tbb_2020.3/include/tbb/atomic.h:422:24:[m[K [01;36m[Knote: [m[Kremove the '[01m[K< >[m[K'
[01m[Klib/tbb_2020.3/include/tbb/atomic.h:437:32:[m[K [01;35m[Kwarning: [m[Ktemplate-id not allowed for constructor in C++20 [[01;35m[K-Wtemplate-id-cdtor[m[K]
  437 |             constexpr atomic<T>[01;35m[K([m[Kconst atomic<T>& rhs):                                              \
      |                                [01;35m[K^[m[K
[01m[Klib/tbb_2020.3/include/tbb/atomic.h:454:1:[m[K [01;36m[Knote: [m[Kin expansion of macro '[01m[K__TBB_DECL_ATOMIC[m[K'
  454 | [01;36m[K__TBB_DECL_ATOMIC[m[K(__TBB_LONG_LONG)
      | [01;36m[K^~~~~~~~~~~~~~~~~[m[K
[01m[Klib/tbb_2020.3/include/tbb/atomic.h:437:32:[m[K [01;36m[Knote: [m[Kremove the '[01m[K< >[m[K'
  437 |             constexpr atomic<T>[01;36m[K([m[Kconst atomic<T>& rhs):                                              \
      |                                [01;36m[K^[m[K
[01m[Klib/tbb_2020.3/include/tbb/atomic.h:454:1:[m[K [01;36m[Knote: [m[Kin expansion of macro '[01m[K__TBB_DECL_ATOMIC[m[K'
  454 | [01;36m[K__TBB_DECL_ATOMIC[m[K(__TBB_LONG_LONG)
      | [01;36m[K^~~~~~~~~~~~~~~~~[m[K
[01m[Klib/tbb_2020.3/include/tbb/atomic.h:437:32:[m[K [01;35m[Kwarning: [m[Ktemplate-id not allowed for constructor in C++20 [[01;35m[K-Wtemplate-id-cdtor[m[K]
  437 |             constexpr atomic<T>[01;35m[K([m[Kconst atomic<T>& rhs):                                              \
      |                                [01;35m[K^[m[K
[01m[Klib/tbb_2020.3/include/tbb/atomic.h:455:1:[m[K [01;36m[Knote: [m[Kin expansion of macro '[01m[K__TBB_DECL_ATOMIC[m[K'
  455 | [01;36m[K__TBB_DECL_ATOMIC[m[K(unsigned __TBB_LONG_LONG)
      | [01;36m[K^~~~~~~~~~~~~~~~~[m[K
[01m[Klib/tbb_2020.3/include/tbb/atomic.h:437:32:[m[K [01;36m[Knote: [m[Kremove the '[01m[K< >[m[K'
  437 |             constexpr atomic<T>[01;36m[K([m[Kconst atomic<T>& rhs):                                              \
      |                                [01;36m[K^[m[K
[01m[Klib/tbb_2020.3/include/tbb/atomic.h:455:1:[m[K [01;36m[Knote: [m[Kin expansion of macro '[01m[K__TBB_DECL_ATOMIC[m[K'
  455 | [01;36m[K__TBB_DECL_ATOMIC[m[K(unsigned __TBB_LONG_LONG)
      | [01;36m[K^~~~~~~~~~~~~~~~~[m[K
[01m[Klib/tbb_2020.3/include/tbb/atomic.h:437:32:[m[K [01;35m[Kwarning: [m[Ktemplate-id not allowed for constructor in C++20 [[01;35m[K-Wtemplate-id-cdtor[m[K]
  437 |             constexpr atomic<T>[01;35m[K([m[Kconst atomic<T>& rhs):                                              \
      |                                [01;35m[K^[m[K
[01m[Klib/tbb_2020.3/include/tbb/atomic.h:459:1:[m[K [01;36m[Knote: [m[Kin expansion of macro '[01m[K__TBB_DECL_ATOMIC[m[K'
  459 | [01;36m[K__TBB_DECL_ATOMIC[m[K(long)
      | [01;36m[K^~~~~~~~~~~~~~~~~[m[K
[01m[Klib/tbb_2020.3/include/tbb/atomic.h:437:32:[m[K [01;36m[Knote: [m[Kremove the '[01m[K< >[m[K'
  437 |             constexpr atomic<T>[01;36m[K([m[Kconst atomic<T>& rhs):                                              \
      |                                [01;36m[K^[m[K
[01m[Klib/tbb_2020.3/include/tbb/atomic.h:459:1:[m[K [01;36m[Knote: [m[Kin expansion of macro '[01m[K__TBB_DECL_ATOMIC[m[K'
  459 | [01;36m[K__TBB_DECL_ATOMIC[m[K(long)
      | [01;36m[K^~~~~~~~~~~~~~~~~[m[K
[01m[Klib/tbb_2020.3/include/tbb/atomic.h:437:32:[m[K [01;35m[Kwarning: [m[Ktemplate-id not allowed for constructor in C++20 [[01;35m[K-Wtemplate-id-cdtor[m[K]
  437 |             constexpr atomic<T>[01;35m[K([m[Kconst atomic<T>& rhs):                                              \
      |                                [01;35m[K^[m[K
[01m[Klib/tbb_2020.3/include/tbb/atomic.h:460:1:[m[K [01;36m[Knote: [m[Kin expansion of macro '[01m[K__TBB_DECL_ATOMIC[m[K'
  460 | [01;36m[K__TBB_DECL_ATOMIC[m[K(unsigned long)
      | [01;36m[K^~~~~~~~~~~~~~~~~[m[K
[01m[Klib/tbb_2020.3/include/tbb/atomic.h:437:32:[m[K [01;36m[Knote: [m[Kremove the '[01m[K< >[m[K'
  437 |             constexpr atomic<T>[01;36m[K([m[Kconst atomic<T>& rhs):                                              \
      |                                [01;36m[K^[m[K
[01m[Klib/tbb_2020.3/include/tbb/atomic.h:460:1:[m[K [01;36m[Knote: [m[Kin expansion of macro '[01m[K__TBB_DECL_ATOMIC[m[K'
  460 | [01;36m[K__TBB_DECL_ATOMIC[m[K(unsigned long)
      | [01;36m[K^~~~~~~~~~~~~~~~~[m[K
[01m[Klib/tbb_2020.3/include/tbb/atomic.h:437:32:[m[K [01;35m[Kwarning: [m[Ktemplate-id not allowed for constructor in C++20 [[01;35m[K-Wtemplate-id-cdtor[m[K]
  437 |             constexpr atomic<T>[01;35m[K([m[Kconst atomic<T>& rhs):                                              \
      |                                [01;35m[K^[m[K
[01m[Klib/tbb_2020.3/include/tbb/atomic.h:491:1:[m[K [01;36m[Knote: [m[Kin expansion of macro '[01m[K__TBB_DECL_ATOMIC[m[K'
  491 | [01;36m[K__TBB_DECL_ATOMIC[m[K(unsigned)
      | [01;36m[K^~~~~~~~~~~~~~~~~[m[K
[01m[Klib/tbb_2020.3/include/tbb/atomic.h:437:32:[m[K [01;36m[Knote: [m[Kremove the '[01m[K< >[m[K'
  437 |             constexpr atomic<T>[01;36m[K([m[Kconst atomic<T>& rhs):                                              \
      |                                [01;36m[K^[m[K
[01m[Klib/tbb_2020.3/include/tbb/atomic.h:491:1:[m[K [01;36m[Knote: [m[Kin expansion of macro '[01m[K__TBB_DECL_ATOMIC[m[K'
  491 | [01;36m[K__TBB_DECL_ATOMIC[m[K(unsigned)
      | [01;36m[K^~~~~~~~~~~~~~~~~[m[K
[01m[Klib/tbb_2020.3/include/tbb/atomic.h:437:32:[m[K [01;35m[Kwarning: [m[Ktemplate-id not allowed for constructor in C++20 [[01;35m[K-Wtemplate-id-cdtor[m[K]
  437 |             constexpr atomic<T>[01;35m[K([m[Kconst atomic<T>& rhs):                                              \
      |                                [01;35m[K^[m[K
[01m[Klib/tbb_2020.3/include/tbb/atomic.h:492:1:[m[K [01;36m[Knote: [m[Kin expansion of macro '[01m[K__TBB_DECL_ATOMIC[m[K'
  492 | [01;36m[K__TBB_DECL_ATOMIC[m[K(int)
      | [01;36m[K^~~~~~~~~~~~~~~~~[m[K
[01m[Klib/tbb_2020.3/include/tbb/atomic.h:437:32:[m[K [01;36m[Knote: [m[Kremove the '[01m[K< >[m[K'
  437 |             constexpr atomic<T>[01;36m[K([m[Kconst atomic<T>& rhs):                                              \
      |                                [01;36m[K^[m[K
[01m[Klib/tbb_2020.3/include/tbb/atomic.h:492:1:[m[K [01;36m[Knote: [m[Kin expansion of macro '[01m[K__TBB_DECL_ATOMIC[m[K'
  492 | [01;36m[K__TBB_DECL_ATOMIC[m[K(int)
      | [01;36m[K^~~~~~~~~~~~~~~~~[m[K
[01m[Klib/tbb_2020.3/include/tbb/atomic.h:437:32:[m[K [01;35m[Kwarning: [m[Ktemplate-id not allowed for constructor in C++20 [[01;35m[K-Wtemplate-id-cdtor[m[K]
  437 |             constexpr atomic<T>[01;35m[K([m[Kconst atomic<T>& rhs):                                              \
      |                                [01;35m[K^[m[K
[01m[Klib/tbb_2020.3/include/tbb/atomic.h:495:1:[m[K [01;36m[Knote: [m[Kin expansion of macro '[01m[K__TBB_DECL_ATOMIC[m[K'
  495 | [01;36m[K__TBB_DECL_ATOMIC[m[K(unsigned short)
      | [01;36m[K^~~~~~~~~~~~~~~~~[m[K
[01m[Klib/tbb_2020.3/include/tbb/atomic.h:437:32:[m[K [01;36m[Knote: [m[Kremove the '[01m[K< >[m[K'
  437 |             constexpr atomic<T>[01;36m[K([m[Kconst atomic<T>& rhs):                                              \
      |                                [01;36m[K^[m[K
[01m[Klib/tbb_2020.3/include/tbb/atomic.h:495:1:[m[K [01;36m[Knote: [m[Kin expansion of macro '[01m[K__TBB_DECL_ATOMIC[m[K'
  495 | [01;36m[K__TBB_DECL_ATOMIC[m[K(unsigned short)
      | [01;36m[K^~~~~~~~~~~~~~~~~[m[K
[01m[Klib/tbb_2020.3/include/tbb/atomic.h:437:32:[m[K [01;35m[Kwarning: [m[Ktemplate-id not allowed for constructor in C++20 [[01;35m[K-Wtemplate-id-cdtor[m[K]
  437 |             constexpr atomic<T>[01;35m[K([m[Kconst atomic<T>& rhs):                                              \
      |                                [01;35m[K^[m[K
[01m[Klib/tbb_2020.3/include/tbb/atomic.h:496:1:[m[K [01;36m[Knote: [m[Kin expansion of macro '[01m[K__TBB_DECL_ATOMIC[m[K'
  496 | [01;36m[K__TBB_DECL_ATOMIC[m[K(short)
      | [01;36m[K^~~~~~~~~~~~~~~~~[m[K
[01m[Klib/tbb_2020.3/include/tbb/atomic.h:437:32:[m[K [01;36m[Knote: [m[Kremove the '[01m[K< >[m[K'
  437 |             constexpr atomic<T>[01;36m[K([m[Kconst atomic<T>& rhs):                                              \
      |                                [01;36m[K^[m[K
[01m[Klib/tbb_2020.3/include/tbb/atomic.h:496:1:[m[K [01;36m[Knote: [m[Kin expansion of macro '[01m[K__TBB_DECL_ATOMIC[m[K'
  496 | [01;36m[K__TBB_DECL_ATOMIC[m[K(short)
      | [01;36m[K^~~~~~~~~~~~~~~~~[m[K
[01m[Klib/tbb_2020.3/include/tbb/atomic.h:437:32:[m[K [01;35m[Kwarning: [m[Ktemplate-id not allowed for constructor in C++20 [[01;35m[K-Wtemplate-id-cdtor[m[K]
  437 |             constexpr atomic<T>[01;35m[K([m[Kconst atomic<T>& rhs):                                              \
      |                                [01;35m[K^[m[K
[01m[Klib/tbb_2020.3/include/tbb/atomic.h:497:1:[m[K [01;36m[Knote: [m[Kin expansion of macro '[01m[K__TBB_DECL_ATOMIC[m[K'
  497 | [01;36m[K__TBB_DECL_ATOMIC[m[K(char)
      | [01;36m[K^~~~~~~~~~~~~~~~~[m[K
[01m[Klib/tbb_2020.3/include/tbb/atomic.h:437:32:[m[K [01;36m[Knote: [m[Kremove the '[01m[K< >[m[K'
  437 |             constexpr atomic<T>[01;36m[K([m[Kconst atomic<T>& rhs):                                              \
      |                                [01;36m[K^[m[K
[01m[Klib/tbb_2020.3/include/tbb/atomic.h:497:1:[m[K [01;36m[Knote: [m[Kin expansion of macro '[01m[K__TBB_DECL_ATOMIC[m[K'
  497 | [01;36m[K__TBB_DECL_ATOMIC[m[K(char)
      | [01;36m[K^~~~~~~~~~~~~~~~~[m[K
[01m[Klib/tbb_2020.3/include/tbb/atomic.h:437:32:[m[K [01;35m[Kwarning: [m[Ktemplate-id not allowed for constructor in C++20 [[01;35m[K-Wtemplate-id-cdtor[m[K]
  437 |             constexpr atomic<T>[01;35m[K([m[Kconst atomic<T>& rhs):                                              \
      |                                [01;35m[K^[m[K
[01m[Klib/tbb_2020.3/include/tbb/atomic.h:498:1:[m[K [01;36m[Knote: [m[Kin expansion of macro '[01m[K__TBB_DECL_ATOMIC[m[K'
  498 | [01;36m[K__TBB_DECL_ATOMIC[m[K(signed char)
      | [01;36m[K^~~~~~~~~~~~~~~~~[m[K
[01m[Klib/tbb_2020.3/include/tbb/atomic.h:437:32:[m[K [01;36m[Knote: [m[Kremove the '[01m[K< >[m[K'
  437 |             constexpr atomic<T>[01;36m[K([m[Kconst atomic<T>& rhs):                                              \
      |                                [01;36m[K^[m[K
[01m[Klib/tbb_2020.3/include/tbb/atomic.h:498:1:[m[K [01;36m[Knote: [m[Kin expansion of macro '[01m[K__TBB_DECL_ATOMIC[m[K'
  498 | [01;36m[K__TBB_DECL_ATOMIC[m[K(signed char)
      | [01;36m[K^~~~~~~~~~~~~~~~~[m[K
[01m[Klib/tbb_2020.3/include/tbb/atomic.h:437:32:[m[K [01;35m[Kwarning: [m[Ktemplate-id not allowed for constructor in C++20 [[01;35m[K-Wtemplate-id-cdtor[m[K]
  437 |             constexpr atomic<T>[01;35m[K([m[Kconst atomic<T>& rhs):                                              \
      |                                [01;35m[K^[m[K
[01m[Klib/tbb_2020.3/include/tbb/atomic.h:499:1:[m[K [01;36m[Knote: [m[Kin expansion of macro '[01m[K__TBB_DECL_ATOMIC[m[K'
  499 | [01;36m[K__TBB_DECL_ATOMIC[m[K(unsigned char)
      | [01;36m[K^~~~~~~~~~~~~~~~~[m[K
[01m[Klib/tbb_2020.3/include/tbb/atomic.h:437:32:[m[K [01;36m[Knote: [m[Kremove the '[01m[K< >[m[K'
  437 |             constexpr atomic<T>[01;36m[K([m[Kconst atomic<T>& rhs):                                              \
      |                                [01;36m[K^[m[K
[01m[Klib/tbb_2020.3/include/tbb/atomic.h:499:1:[m[K [01;36m[Knote: [m[Kin expansion of macro '[01m[K__TBB_DECL_ATOMIC[m[K'
  499 | [01;36m[K__TBB_DECL_ATOMIC[m[K(unsigned char)
      | [01;36m[K^~~~~~~~~~~~~~~~~[m[K
[01m[Klib/tbb_2020.3/include/tbb/atomic.h:437:32:[m[K [01;35m[Kwarning: [m[Ktemplate-id not allowed for constructor in C++20 [[01;35m[K-Wtemplate-id-cdtor[m[K]
  437 |             constexpr atomic<T>[01;35m[K([m[Kconst atomic<T>& rhs):                                              \
      |                                [01;35m[K^[m[K
[01m[Klib/tbb_2020.3/include/tbb/atomic.h:502:1:[m[K [01;36m[Knote: [m[Kin expansion of macro '[01m[K__TBB_DECL_ATOMIC[m[K'
  502 | [01;36m[K__TBB_DECL_ATOMIC[m[K(wchar_t)
      | [01;36m[K^~~~~~~~~~~~~~~~~[m[K
[01m[Klib/tbb_2020.3/include/tbb/atomic.h:437:32:[m[K [01;36m[Knote: [m[Kremove the '[01m[K< >[m[K'
  437 |             constexpr atomic<T>[01;36m[K([m[Kconst atomic<T>& rhs):                                              \
      |                                [01;36m[K^[m[K
[01m[Klib/tbb_2020.3/include/tbb/atomic.h:502:1:[m[K [01;36m[Knote: [m[Kin expansion of macro '[01m[K__TBB_DECL_ATOMIC[m[K'
  502 | [01;36m[K__TBB_DECL_ATOMIC[m[K(wchar_t)
      | [01;36m[K^~~~~~~~~~~~~~~~~[m[K
In file included from [01m[Klib/tbb_2020.3/include/tbb/tbb_profiling.h:123[m[K,
                 from [01m[Klib/tbb_2020.3/include/tbb/task.h:36[m[K,
                 from [01m[Klib/tbb_2020.3/include/tbb/task_arena.h:23[m[K,
                 from [01m[K./stan/math/prim/core/init_threadpool_tbb.hpp:18[m[K,
                 from [01m[K./stan/math/prim/core.hpp:4[m[K,
                 from [01m[K./stan/math/fwd/fun/Eigen_NumTraits.hpp:5[m[K,
                 from [01m[K./stan/math/mix.hpp:4[m[K,
                 from [01m[K./test/unit/math/test_ad.hpp:4[m[K,
                 from [01m[Ktest/unit/math/laplace/laplace_marginal_lpdf_moto_test.cpp:1[m[K:
[01m[Klib/tbb_2020.3/include/tbb/atomic.h:422:24:[m[K [01;35m[Kwarning: [m[Ktemplate-id not allowed for constructor in C++20 [[01;35m[K-Wtemplate-id-cdtor[m[K]
  422 |     constexpr atomic<T>[01;35m[K([m[Kconst atomic<T>& rhs): internal::atomic_impl<T>(rhs) {}
      |                        [01;35m[K^[m[K
[01m[Klib/tbb_2020.3/include/tbb/atomic.h:422:24:[m[K [01;36m[Knote: [m[Kremove the '[01m[K< >[m[K'
[01m[Klib/tbb_2020.3/include/tbb/atomic.h:437:32:[m[K [01;35m[Kwarning: [m[Ktemplate-id not allowed for constructor in C++20 [[01;35m[K-Wtemplate-id-cdtor[m[K]
  437 |             constexpr atomic<T>[01;35m[K([m[Kconst atomic<T>& rhs):                                              \
      |                                [01;35m[K^[m[K
[01m[Klib/tbb_2020.3/include/tbb/atomic.h:454:1:[m[K [01;36m[Knote: [m[Kin expansion of macro '[01m[K__TBB_DECL_ATOMIC[m[K'
  454 | [01;36m[K__TBB_DECL_ATOMIC[m[K(__TBB_LONG_LONG)
      | [01;36m[K^~~~~~~~~~~~~~~~~[m[K
[01m[Klib/tbb_2020.3/include/tbb/atomic.h:437:32:[m[K [01;36m[Knote: [m[Kremove the '[01m[K< >[m[K'
  437 |             constexpr atomic<T>[01;36m[K([m[Kconst atomic<T>& rhs):                                              \
      |                                [01;36m[K^[m[K
[01m[Klib/tbb_2020.3/include/tbb/atomic.h:454:1:[m[K [01;36m[Knote: [m[Kin expansion of macro '[01m[K__TBB_DECL_ATOMIC[m[K'
  454 | [01;36m[K__TBB_DECL_ATOMIC[m[K(__TBB_LONG_LONG)
      | [01;36m[K^~~~~~~~~~~~~~~~~[m[K
[01m[Klib/tbb_2020.3/include/tbb/atomic.h:437:32:[m[K [01;35m[Kwarning: [m[Ktemplate-id not allowed for constructor in C++20 [[01;35m[K-Wtemplate-id-cdtor[m[K]
  437 |             constexpr atomic<T>[01;35m[K([m[Kconst atomic<T>& rhs):                                              \
      |                                [01;35m[K^[m[K
[01m[Klib/tbb_2020.3/include/tbb/atomic.h:455:1:[m[K [01;36m[Knote: [m[Kin expansion of macro '[01m[K__TBB_DECL_ATOMIC[m[K'
  455 | [01;36m[K__TBB_DECL_ATOMIC[m[K(unsigned __TBB_LONG_LONG)
      | [01;36m[K^~~~~~~~~~~~~~~~~[m[K
[01m[Klib/tbb_2020.3/include/tbb/atomic.h:437:32:[m[K [01;36m[Knote: [m[Kremove the '[01m[K< >[m[K'
  437 |             constexpr atomic<T>[01;36m[K([m[Kconst atomic<T>& rhs):                                              \
      |                                [01;36m[K^[m[K
[01m[Klib/tbb_2020.3/include/tbb/atomic.h:455:1:[m[K [01;36m[Knote: [m[Kin expansion of macro '[01m[K__TBB_DECL_ATOMIC[m[K'
  455 | [01;36m[K__TBB_DECL_ATOMIC[m[K(unsigned __TBB_LONG_LONG)
      | [01;36m[K^~~~~~~~~~~~~~~~~[m[K
[01m[Klib/tbb_2020.3/include/tbb/atomic.h:437:32:[m[K [01;35m[Kwarning: [m[Ktemplate-id not allowed for constructor in C++20 [[01;35m[K-Wtemplate-id-cdtor[m[K]
  437 |             constexpr atomic<T>[01;35m[K([m[Kconst atomic<T>& rhs):                                              \
      |                                [01;35m[K^[m[K
[01m[Klib/tbb_2020.3/include/tbb/atomic.h:459:1:[m[K [01;36m[Knote: [m[Kin expansion of macro '[01m[K__TBB_DECL_ATOMIC[m[K'
  459 | [01;36m[K__TBB_DECL_ATOMIC[m[K(long)
      | [01;36m[K^~~~~~~~~~~~~~~~~[m[K
[01m[Klib/tbb_2020.3/include/tbb/atomic.h:437:32:[m[K [01;36m[Knote: [m[Kremove the '[01m[K< >[m[K'
  437 |             constexpr atomic<T>[01;36m[K([m[Kconst atomic<T>& rhs):                                              \
      |                                [01;36m[K^[m[K
[01m[Klib/tbb_2020.3/include/tbb/atomic.h:459:1:[m[K [01;36m[Knote: [m[Kin expansion of macro '[01m[K__TBB_DECL_ATOMIC[m[K'
  459 | [01;36m[K__TBB_DECL_ATOMIC[m[K(long)
      | [01;36m[K^~~~~~~~~~~~~~~~~[m[K
[01m[Klib/tbb_2020.3/include/tbb/atomic.h:437:32:[m[K [01;35m[Kwarning: [m[Ktemplate-id not allowed for constructor in C++20 [[01;35m[K-Wtemplate-id-cdtor[m[K]
  437 |             constexpr atomic<T>[01;35m[K([m[Kconst atomic<T>& rhs):                                              \
      |                                [01;35m[K^[m[K
[01m[Klib/tbb_2020.3/include/tbb/atomic.h:460:1:[m[K [01;36m[Knote: [m[Kin expansion of macro '[01m[K__TBB_DECL_ATOMIC[m[K'
  460 | [01;36m[K__TBB_DECL_ATOMIC[m[K(unsigned long)
      | [01;36m[K^~~~~~~~~~~~~~~~~[m[K
[01m[Klib/tbb_2020.3/include/tbb/atomic.h:437:32:[m[K [01;36m[Knote: [m[Kremove the '[01m[K< >[m[K'
  437 |             constexpr atomic<T>[01;36m[K([m[Kconst atomic<T>& rhs):                                              \
      |                                [01;36m[K^[m[K
[01m[Klib/tbb_2020.3/include/tbb/atomic.h:460:1:[m[K [01;36m[Knote: [m[Kin expansion of macro '[01m[K__TBB_DECL_ATOMIC[m[K'
  460 | [01;36m[K__TBB_DECL_ATOMIC[m[K(unsigned long)
      | [01;36m[K^~~~~~~~~~~~~~~~~[m[K
[01m[Klib/tbb_2020.3/include/tbb/atomic.h:437:32:[m[K [01;35m[Kwarning: [m[Ktemplate-id not allowed for constructor in C++20 [[01;35m[K-Wtemplate-id-cdtor[m[K]
  437 |             constexpr atomic<T>[01;35m[K([m[Kconst atomic<T>& rhs):                                              \
      |                                [01;35m[K^[m[K
[01m[Klib/tbb_2020.3/include/tbb/atomic.h:491:1:[m[K [01;36m[Knote: [m[Kin expansion of macro '[01m[K__TBB_DECL_ATOMIC[m[K'
  491 | [01;36m[K__TBB_DECL_ATOMIC[m[K(unsigned)
      | [01;36m[K^~~~~~~~~~~~~~~~~[m[K
[01m[Klib/tbb_2020.3/include/tbb/atomic.h:437:32:[m[K [01;36m[Knote: [m[Kremove the '[01m[K< >[m[K'
  437 |             constexpr atomic<T>[01;36m[K([m[Kconst atomic<T>& rhs):                                              \
      |                                [01;36m[K^[m[K
[01m[Klib/tbb_2020.3/include/tbb/atomic.h:491:1:[m[K [01;36m[Knote: [m[Kin expansion of macro '[01m[K__TBB_DECL_ATOMIC[m[K'
  491 | [01;36m[K__TBB_DECL_ATOMIC[m[K(unsigned)
      | [01;36m[K^~~~~~~~~~~~~~~~~[m[K
[01m[Klib/tbb_2020.3/include/tbb/atomic.h:437:32:[m[K [01;35m[Kwarning: [m[Ktemplate-id not allowed for constructor in C++20 [[01;35m[K-Wtemplate-id-cdtor[m[K]
  437 |             constexpr atomic<T>[01;35m[K([m[Kconst atomic<T>& rhs):                                              \
      |                                [01;35m[K^[m[K
[01m[Klib/tbb_2020.3/include/tbb/atomic.h:492:1:[m[K [01;36m[Knote: [m[Kin expansion of macro '[01m[K__TBB_DECL_ATOMIC[m[K'
  492 | [01;36m[K__TBB_DECL_ATOMIC[m[K(int)
      | [01;36m[K^~~~~~~~~~~~~~~~~[m[K
[01m[Klib/tbb_2020.3/include/tbb/atomic.h:437:32:[m[K [01;36m[Knote: [m[Kremove the '[01m[K< >[m[K'
  437 |             constexpr atomic<T>[01;36m[K([m[Kconst atomic<T>& rhs):                                              \
      |                                [01;36m[K^[m[K
[01m[Klib/tbb_2020.3/include/tbb/atomic.h:492:1:[m[K [01;36m[Knote: [m[Kin expansion of macro '[01m[K__TBB_DECL_ATOMIC[m[K'
  492 | [01;36m[K__TBB_DECL_ATOMIC[m[K(int)
      | [01;36m[K^~~~~~~~~~~~~~~~~[m[K
[01m[Klib/tbb_2020.3/include/tbb/atomic.h:437:32:[m[K [01;35m[Kwarning: [m[Ktemplate-id not allowed for constructor in C++20 [[01;35m[K-Wtemplate-id-cdtor[m[K]
  437 |             constexpr atomic<T>[01;35m[K([m[Kconst atomic<T>& rhs):                                              \
      |                                [01;35m[K^[m[K
[01m[Klib/tbb_2020.3/include/tbb/atomic.h:495:1:[m[K [01;36m[Knote: [m[Kin expansion of macro '[01m[K__TBB_DECL_ATOMIC[m[K'
  495 | [01;36m[K__TBB_DECL_ATOMIC[m[K(unsigned short)
      | [01;36m[K^~~~~~~~~~~~~~~~~[m[K
[01m[Klib/tbb_2020.3/include/tbb/atomic.h:437:32:[m[K [01;36m[Knote: [m[Kremove the '[01m[K< >[m[K'
  437 |             constexpr atomic<T>[01;36m[K([m[Kconst atomic<T>& rhs):                                              \
      |                                [01;36m[K^[m[K
[01m[Klib/tbb_2020.3/include/tbb/atomic.h:495:1:[m[K [01;36m[Knote: [m[Kin expansion of macro '[01m[K__TBB_DECL_ATOMIC[m[K'
  495 | [01;36m[K__TBB_DECL_ATOMIC[m[K(unsigned short)
      | [01;36m[K^~~~~~~~~~~~~~~~~[m[K
[01m[Klib/tbb_2020.3/include/tbb/atomic.h:437:32:[m[K [01;35m[Kwarning: [m[Ktemplate-id not allowed for constructor in C++20 [[01;35m[K-Wtemplate-id-cdtor[m[K]
  437 |             constexpr atomic<T>[01;35m[K([m[Kconst atomic<T>& rhs):                                              \
      |                                [01;35m[K^[m[K
[01m[Klib/tbb_2020.3/include/tbb/atomic.h:496:1:[m[K [01;36m[Knote: [m[Kin expansion of macro '[01m[K__TBB_DECL_ATOMIC[m[K'
  496 | [01;36m[K__TBB_DECL_ATOMIC[m[K(short)
      | [01;36m[K^~~~~~~~~~~~~~~~~[m[K
[01m[Klib/tbb_2020.3/include/tbb/atomic.h:437:32:[m[K [01;36m[Knote: [m[Kremove the '[01m[K< >[m[K'
  437 |             constexpr atomic<T>[01;36m[K([m[Kconst atomic<T>& rhs):                                              \
      |                                [01;36m[K^[m[K
[01m[Klib/tbb_2020.3/include/tbb/atomic.h:496:1:[m[K [01;36m[Knote: [m[Kin expansion of macro '[01m[K__TBB_DECL_ATOMIC[m[K'
  496 | [01;36m[K__TBB_DECL_ATOMIC[m[K(short)
      | [01;36m[K^~~~~~~~~~~~~~~~~[m[K
[01m[Klib/tbb_2020.3/include/tbb/atomic.h:437:32:[m[K [01;35m[Kwarning: [m[Ktemplate-id not allowed for constructor in C++20 [[01;35m[K-Wtemplate-id-cdtor[m[K]
  437 |             constexpr atomic<T>[01;35m[K([m[Kconst atomic<T>& rhs):                                              \
      |                                [01;35m[K^[m[K
[01m[Klib/tbb_2020.3/include/tbb/atomic.h:497:1:[m[K [01;36m[Knote: [m[Kin expansion of macro '[01m[K__TBB_DECL_ATOMIC[m[K'
  497 | [01;36m[K__TBB_DECL_ATOMIC[m[K(char)
      | [01;36m[K^~~~~~~~~~~~~~~~~[m[K
[01m[Klib/tbb_2020.3/include/tbb/atomic.h:437:32:[m[K [01;36m[Knote: [m[Kremove the '[01m[K< >[m[K'
  437 |             constexpr atomic<T>[01;36m[K([m[Kconst atomic<T>& rhs):                                              \
      |                                [01;36m[K^[m[K
[01m[Klib/tbb_2020.3/include/tbb/atomic.h:497:1:[m[K [01;36m[Knote: [m[Kin expansion of macro '[01m[K__TBB_DECL_ATOMIC[m[K'
  497 | [01;36m[K__TBB_DECL_ATOMIC[m[K(char)
      | [01;36m[K^~~~~~~~~~~~~~~~~[m[K
[01m[Klib/tbb_2020.3/include/tbb/atomic.h:437:32:[m[K [01;35m[Kwarning: [m[Ktemplate-id not allowed for constructor in C++20 [[01;35m[K-Wtemplate-id-cdtor[m[K]
  437 |             constexpr atomic<T>[01;35m[K([m[Kconst atomic<T>& rhs):                                              \
      |                                [01;35m[K^[m[K
[01m[Klib/tbb_2020.3/include/tbb/atomic.h:498:1:[m[K [01;36m[Knote: [m[Kin expansion of macro '[01m[K__TBB_DECL_ATOMIC[m[K'
  498 | [01;36m[K__TBB_DECL_ATOMIC[m[K(signed char)
      | [01;36m[K^~~~~~~~~~~~~~~~~[m[K
[01m[Klib/tbb_2020.3/include/tbb/atomic.h:437:32:[m[K [01;36m[Knote: [m[Kremove the '[01m[K< >[m[K'
  437 |             constexpr atomic<T>[01;36m[K([m[Kconst atomic<T>& rhs):                                              \
      |                                [01;36m[K^[m[K
[01m[Klib/tbb_2020.3/include/tbb/atomic.h:498:1:[m[K [01;36m[Knote: [m[Kin expansion of macro '[01m[K__TBB_DECL_ATOMIC[m[K'
  498 | [01;36m[K__TBB_DECL_ATOMIC[m[K(signed char)
      | [01;36m[K^~~~~~~~~~~~~~~~~[m[K
[01m[Klib/tbb_2020.3/include/tbb/atomic.h:437:32:[m[K [01;35m[Kwarning: [m[Ktemplate-id not allowed for constructor in C++20 [[01;35m[K-Wtemplate-id-cdtor[m[K]
  437 |             constexpr atomic<T>[01;35m[K([m[Kconst atomic<T>& rhs):                                              \
      |                                [01;35m[K^[m[K
[01m[Klib/tbb_2020.3/include/tbb/atomic.h:499:1:[m[K [01;36m[Knote: [m[Kin expansion of macro '[01m[K__TBB_DECL_ATOMIC[m[K'
  499 | [01;36m[K__TBB_DECL_ATOMIC[m[K(unsigned char)
      | [01;36m[K^~~~~~~~~~~~~~~~~[m[K
[01m[Klib/tbb_2020.3/include/tbb/atomic.h:437:32:[m[K [01;36m[Knote: [m[Kremove the '[01m[K< >[m[K'
  437 |             constexpr atomic<T>[01;36m[K([m[Kconst atomic<T>& rhs):                                              \
      |                                [01;36m[K^[m[K
[01m[Klib/tbb_2020.3/include/tbb/atomic.h:499:1:[m[K [01;36m[Knote: [m[Kin expansion of macro '[01m[K__TBB_DECL_ATOMIC[m[K'
  499 | [01;36m[K__TBB_DECL_ATOMIC[m[K(unsigned char)
      | [01;36m[K^~~~~~~~~~~~~~~~~[m[K
[01m[Klib/tbb_2020.3/include/tbb/atomic.h:437:32:[m[K [01;35m[Kwarning: [m[Ktemplate-id not allowed for constructor in C++20 [[01;35m[K-Wtemplate-id-cdtor[m[K]
  437 |             constexpr atomic<T>[01;35m[K([m[Kconst atomic<T>& rhs):                                              \
      |                                [01;35m[K^[m[K
[01m[Klib/tbb_2020.3/include/tbb/atomic.h:502:1:[m[K [01;36m[Knote: [m[Kin expansion of macro '[01m[K__TBB_DECL_ATOMIC[m[K'
  502 | [01;36m[K__TBB_DECL_ATOMIC[m[K(wchar_t)
      | [01;36m[K^~~~~~~~~~~~~~~~~[m[K
[01m[Klib/tbb_2020.3/include/tbb/atomic.h:437:32:[m[K [01;36m[Knote: [m[Kremove the '[01m[K< >[m[K'
  437 |             constexpr atomic<T>[01;36m[K([m[Kconst atomic<T>& rhs):                                              \
      |                                [01;36m[K^[m[K
[01m[Klib/tbb_2020.3/include/tbb/atomic.h:502:1:[m[K [01;36m[Knote: [m[Kin expansion of macro '[01m[K__TBB_DECL_ATOMIC[m[K'
  502 | [01;36m[K__TBB_DECL_ATOMIC[m[K(wchar_t)
      | [01;36m[K^~~~~~~~~~~~~~~~~[m[K
In file included from [01m[K./stan/math/prim/prob.hpp:114[m[K,
                 from [01m[K./stan/math/prim.hpp:18[m[K,
                 from [01m[K./stan/math/mix.hpp:31[m[K:
[01m[K./stan/math/prim/prob/gaussian_dlm_obs_lpdf.hpp:[m[K In function '[01m[Kstan::return_type_t<T_y, T_F, T_G, T_V, T_W, T_m0, T_C0> stan::math::[01;32m[Kgaussian_dlm_obs_lpdf[m[K(const T_y&, const T_F&, const T_G&, const T_V&, const T_W&, const T_m0&, const T_C0&)[m[K':
[01m[K./stan/math/prim/prob/gaussian_dlm_obs_lpdf.hpp:266:[m[K [01;36m[Knote: [m[K'[01m[K-Wmisleading-indentation[m[K' is disabled from this point onwards, since column-tracking was disabled due to the size of the code/headers
  266 |         if (i == 0)
[01m[K./stan/math/prim/prob/gaussian_dlm_obs_lpdf.hpp:266:[m[K [01;36m[Knote: [m[Kadding '[01m[K-flarge-source-files[m[K' will allow for more column-tracking support, at the expense of compilation time and memory
In file included from [01m[K./stan/math/prim/prob.hpp:114[m[K,
                 from [01m[K./stan/math/prim.hpp:18[m[K,
                 from [01m[K./stan/math/mix.hpp:31[m[K:
[01m[K./stan/math/prim/prob/gaussian_dlm_obs_lpdf.hpp:[m[K In function '[01m[Kstan::return_type_t<T_y, T_F, T_G, T_V, T_W, T_m0, T_C0> stan::math::[01;32m[Kgaussian_dlm_obs_lpdf[m[K(const T_y&, const T_F&, const T_G&, const T_V&, const T_W&, const T_m0&, const T_C0&)[m[K':
[01m[K./stan/math/prim/prob/gaussian_dlm_obs_lpdf.hpp:266:[m[K [01;36m[Knote: [m[K'[01m[K-Wmisleading-indentation[m[K' is disabled from this point onwards, since column-tracking was disabled due to the size of the code/headers
  266 |         if (i == 0)
[01m[K./stan/math/prim/prob/gaussian_dlm_obs_lpdf.hpp:266:[m[K [01;36m[Knote: [m[Kadding '[01m[K-flarge-source-files[m[K' will allow for more column-tracking support, at the expense of compilation time and memory
In file included from [01m[K./stan/math/prim/prob/normal_ccdf_log.hpp:5[m[K,
                 from [01m[K./stan/math/prim/prob.hpp:203[m[K,
                 from [01m[K./stan/math/prim.hpp:18[m[K,
                 from [01m[Ktest/unit/math/laplace/wolfe_line_search_test.cpp:3[m[K:
[01m[K./stan/math/prim/prob/normal_lccdf.hpp:[m[K In function '[01m[Kstan::return_type_t<T_x, T_sigma, T_l> stan::math::[01;32m[Knormal_lccdf[m[K(const T_y&, const T_loc&, const T_scale&)[m[K':
[01m[K./stan/math/prim/prob/normal_lccdf.hpp:68:[m[K [01;36m[Knote: [m[K'[01m[K-Wmisleading-indentation[m[K' is disabled from this point onwards, since column-tracking was disabled due to the size of the code/headers
   68 |     } else if (scaled_diff > 8.25 * INV_SQRT_TWO) {
[01m[K./stan/math/prim/prob/normal_lccdf.hpp:68:[m[K [01;36m[Knote: [m[Kadding '[01m[K-flarge-source-files[m[K' will allow for more column-tracking support, at the expense of compilation time and memory
In file included from [01m[K./stan/math/prim/prob.hpp:114[m[K,
                 from [01m[K./stan/math/prim.hpp:18[m[K,
                 from [01m[K./stan/math/mix.hpp:31[m[K:
[01m[K./stan/math/prim/prob/gaussian_dlm_obs_lpdf.hpp:[m[K In function '[01m[Kstan::return_type_t<T_y, T_F, T_G, T_V, T_W, T_m0, T_C0> stan::math::[01;32m[Kgaussian_dlm_obs_lpdf[m[K(const T_y&, const T_F&, const T_G&, const T_V&, const T_W&, const T_m0&, const T_C0&)[m[K':
[01m[K./stan/math/prim/prob/gaussian_dlm_obs_lpdf.hpp:266:[m[K [01;36m[Knote: [m[K'[01m[K-Wmisleading-indentation[m[K' is disabled from this point onwards, since column-tracking was disabled due to the size of the code/headers
  266 |         if (i == 0)
[01m[K./stan/math/prim/prob/gaussian_dlm_obs_lpdf.hpp:266:[m[K [01;36m[Knote: [m[Kadding '[01m[K-flarge-source-files[m[K' will allow for more column-tracking support, at the expense of compilation time and memory
In file included from [01m[K./stan/math/prim/prob/hypergeometric_rng.hpp:5[m[K,
                 from [01m[K./stan/math/prim/prob.hpp:127[m[K,
                 from [01m[K./stan/math/prim.hpp:18[m[K,
                 from [01m[K./stan/math/rev.hpp:18[m[K:
[01m[Klib/boost_1.87.0/boost/math/distributions/hypergeometric.hpp:[m[K In function '[01m[KRealType boost::math::[01;32m[Kpdf[m[K(const hypergeometric_distribution<RealType, Policy>&, const uint64_t&)[m[K':
[01m[Klib/boost_1.87.0/boost/math/distributions/hypergeometric.hpp:125:[m[K [01;36m[Knote: [m[K'[01m[K-Wmisleading-indentation[m[K' is disabled from this point onwards, since column-tracking was disabled due to the size of the code/headers
  125 |       if(!dist.check_params(function, &result))
[01m[Klib/boost_1.87.0/boost/math/distributions/hypergeometric.hpp:125:[m[K [01;36m[Knote: [m[Kadding '[01m[K-flarge-source-files[m[K' will allow for more column-tracking support, at the expense of compilation time and memory
In file included from [01m[K./stan/math/prim/prob/hypergeometric_rng.hpp:5[m[K,
                 from [01m[K./stan/math/prim/prob.hpp:127[m[K,
                 from [01m[K./stan/math/prim.hpp:18[m[K,
                 from [01m[K./stan/math/rev.hpp:18[m[K:
[01m[Klib/boost_1.87.0/boost/math/distributions/hypergeometric.hpp:[m[K In function '[01m[KRealType boost::math::[01;32m[Kpdf[m[K(const hypergeometric_distribution<RealType, Policy>&, const uint64_t&)[m[K':
[01m[Klib/boost_1.87.0/boost/math/distributions/hypergeometric.hpp:125:[m[K [01;36m[Knote: [m[K'[01m[K-Wmisleading-indentation[m[K' is disabled from this point onwards, since column-tracking was disabled due to the size of the code/headers
  125 |       if(!dist.check_params(function, &result))
[01m[Klib/boost_1.87.0/boost/math/distributions/hypergeometric.hpp:125:[m[K [01;36m[Knote: [m[Kadding '[01m[K-flarge-source-files[m[K' will allow for more column-tracking support, at the expense of compilation time and memory
In file included from [01m[K./stan/math/prim/prob.hpp:114[m[K,
                 from [01m[K./stan/math/prim.hpp:18[m[K,
                 from [01m[K./stan/math/mix.hpp:31[m[K:
[01m[K./stan/math/prim/prob/gaussian_dlm_obs_lpdf.hpp:[m[K In function '[01m[Kstan::return_type_t<T_y, T_F, T_G, T_V, T_W, T_m0, T_C0> stan::math::[01;32m[Kgaussian_dlm_obs_lpdf[m[K(const T_y&, const T_F&, const T_G&, const T_V&, const T_W&, const T_m0&, const T_C0&)[m[K':
[01m[K./stan/math/prim/prob/gaussian_dlm_obs_lpdf.hpp:266:[m[K [01;36m[Knote: [m[K'[01m[K-Wmisleading-indentation[m[K' is disabled from this point onwards, since column-tracking was disabled due to the size of the code/headers
  266 |         if (i == 0)
[01m[K./stan/math/prim/prob/gaussian_dlm_obs_lpdf.hpp:266:[m[K [01;36m[Knote: [m[Kadding '[01m[K-flarge-source-files[m[K' will allow for more column-tracking support, at the expense of compilation time and memory
In file included from [01m[K./stan/math/prim/prob.hpp:114[m[K,
                 from [01m[K./stan/math/prim.hpp:18[m[K,
                 from [01m[K./stan/math/mix.hpp:31[m[K:
[01m[K./stan/math/prim/prob/gaussian_dlm_obs_lpdf.hpp:[m[K In function '[01m[Kstan::return_type_t<T_y, T_F, T_G, T_V, T_W, T_m0, T_C0> stan::math::[01;32m[Kgaussian_dlm_obs_lpdf[m[K(const T_y&, const T_F&, const T_G&, const T_V&, const T_W&, const T_m0&, const T_C0&)[m[K':
[01m[K./stan/math/prim/prob/gaussian_dlm_obs_lpdf.hpp:266:[m[K [01;36m[Knote: [m[K'[01m[K-Wmisleading-indentation[m[K' is disabled from this point onwards, since column-tracking was disabled due to the size of the code/headers
  266 |         if (i == 0)
[01m[K./stan/math/prim/prob/gaussian_dlm_obs_lpdf.hpp:266:[m[K [01;36m[Knote: [m[Kadding '[01m[K-flarge-source-files[m[K' will allow for more column-tracking support, at the expense of compilation time and memory
In file included from [01m[K./stan/math/prim/prob.hpp:114[m[K,
                 from [01m[K./stan/math/prim.hpp:18[m[K,
                 from [01m[K./stan/math/mix.hpp:31[m[K:
[01m[K./stan/math/prim/prob/gaussian_dlm_obs_lpdf.hpp:[m[K In function '[01m[Kstan::return_type_t<T_y, T_F, T_G, T_V, T_W, T_m0, T_C0> stan::math::[01;32m[Kgaussian_dlm_obs_lpdf[m[K(const T_y&, const T_F&, const T_G&, const T_V&, const T_W&, const T_m0&, const T_C0&)[m[K':
[01m[K./stan/math/prim/prob/gaussian_dlm_obs_lpdf.hpp:266:[m[K [01;36m[Knote: [m[K'[01m[K-Wmisleading-indentation[m[K' is disabled from this point onwards, since column-tracking was disabled due to the size of the code/headers
  266 |         if (i == 0)
[01m[K./stan/math/prim/prob/gaussian_dlm_obs_lpdf.hpp:266:[m[K [01;36m[Knote: [m[Kadding '[01m[K-flarge-source-files[m[K' will allow for more column-tracking support, at the expense of compilation time and memory
In file included from [01m[K./stan/math/prim/prob.hpp:114[m[K,
                 from [01m[K./stan/math/prim.hpp:18[m[K,
                 from [01m[K./stan/math/mix.hpp:31[m[K:
[01m[K./stan/math/prim/prob/gaussian_dlm_obs_lpdf.hpp:[m[K In function '[01m[Kstan::return_type_t<T_y, T_F, T_G, T_V, T_W, T_m0, T_C0> stan::math::[01;32m[Kgaussian_dlm_obs_lpdf[m[K(const T_y&, const T_F&, const T_G&, const T_V&, const T_W&, const T_m0&, const T_C0&)[m[K':
[01m[K./stan/math/prim/prob/gaussian_dlm_obs_lpdf.hpp:266:[m[K [01;36m[Knote: [m[K'[01m[K-Wmisleading-indentation[m[K' is disabled from this point onwards, since column-tracking was disabled due to the size of the code/headers
  266 |         if (i == 0)
[01m[K./stan/math/prim/prob/gaussian_dlm_obs_lpdf.hpp:266:[m[K [01;36m[Knote: [m[Kadding '[01m[K-flarge-source-files[m[K' will allow for more column-tracking support, at the expense of compilation time and memory
In file included from [01m[K./stan/math/prim/prob/hypergeometric_rng.hpp:5[m[K,
                 from [01m[K./stan/math/prim/prob.hpp:127[m[K,
                 from [01m[K./stan/math/prim.hpp:18[m[K,
                 from [01m[K./stan/math/rev.hpp:18[m[K:
[01m[Klib/boost_1.87.0/boost/math/distributions/hypergeometric.hpp:[m[K In function '[01m[KRealType boost::math::[01;32m[Kpdf[m[K(const hypergeometric_distribution<RealType, Policy>&, const uint64_t&)[m[K':
[01m[Klib/boost_1.87.0/boost/math/distributions/hypergeometric.hpp:125:[m[K [01;36m[Knote: [m[K'[01m[K-Wmisleading-indentation[m[K' is disabled from this point onwards, since column-tracking was disabled due to the size of the code/headers
  125 |       if(!dist.check_params(function, &result))
[01m[Klib/boost_1.87.0/boost/math/distributions/hypergeometric.hpp:125:[m[K [01;36m[Knote: [m[Kadding '[01m[K-flarge-source-files[m[K' will allow for more column-tracking support, at the expense of compilation time and memory
In file included from [01m[K./stan/math/prim/prob.hpp:114[m[K,
                 from [01m[K./stan/math/prim.hpp:18[m[K,
                 from [01m[K./stan/math/mix.hpp:31[m[K:
[01m[K./stan/math/prim/prob/gaussian_dlm_obs_lpdf.hpp:[m[K In function '[01m[Kstan::return_type_t<T_y, T_F, T_G, T_V, T_W, T_m0, T_C0> stan::math::[01;32m[Kgaussian_dlm_obs_lpdf[m[K(const T_y&, const T_F&, const T_G&, const T_V&, const T_W&, const T_m0&, const T_C0&)[m[K':
[01m[K./stan/math/prim/prob/gaussian_dlm_obs_lpdf.hpp:266:[m[K [01;36m[Knote: [m[K'[01m[K-Wmisleading-indentation[m[K' is disabled from this point onwards, since column-tracking was disabled due to the size of the code/headers
  266 |         if (i == 0)
[01m[K./stan/math/prim/prob/gaussian_dlm_obs_lpdf.hpp:266:[m[K [01;36m[Knote: [m[Kadding '[01m[K-flarge-source-files[m[K' will allow for more column-tracking support, at the expense of compilation time and memory
g++ -fdiagnostics-color -Wall  -fno-omit-frame-pointer  -ftemplate-backtrace-limit=0 -flto=auto -std=c++17 -pthread -D_REENTRANT -Wno-sign-compare -Wno-ignored-attributes -Wno-class-memaccess      -I lib/tbb_2020.3/include    -O1  -I . -I lib/eigen_3.4.0 -I lib/boost_1.87.0 -I lib/sundials_6.1.1/include -I lib/sundials_6.1.1/src/sundials -I lib/benchmark_1.5.1/googletest/googletest/include -I lib/benchmark_1.5.1/googletest/googletest     -DBOOST_DISABLE_ASSERTS         -DGTEST_HAS_PTHREAD=0 -flto=auto       -Wl,-L,"/home/sbronder/open_source/stan/origin/math/.worktrees/lib/tbb"   -Wl,-rpath,"/home/sbronder/open_source/stan/origin/math/.worktrees/lib/tbb"      test/unit/math/laplace/wolfe_line_search_test.o lib/benchmark_1.5.1/googletest/googletest/src/gtest_main.cc lib/benchmark_1.5.1/googletest/googletest/src/gtest-all.o lib/tbb/libtbb.so.2       -ltbb   -o test/unit/math/laplace/wolfe_line_search_test
g++ -fdiagnostics-color -Wall  -fno-omit-frame-pointer  -ftemplate-backtrace-limit=0 -flto=auto -std=c++17 -pthread -D_REENTRANT -Wno-sign-compare -Wno-ignored-attributes -Wno-class-memaccess      -I lib/tbb_2020.3/include    -O1  -I . -I lib/eigen_3.4.0 -I lib/boost_1.87.0 -I lib/sundials_6.1.1/include -I lib/sundials_6.1.1/src/sundials -I lib/benchmark_1.5.1/googletest/googletest/include -I lib/benchmark_1.5.1/googletest/googletest     -DBOOST_DISABLE_ASSERTS         -DGTEST_HAS_PTHREAD=0 -flto=auto       -Wl,-L,"/home/sbronder/open_source/stan/origin/math/.worktrees/lib/tbb"   -Wl,-rpath,"/home/sbronder/open_source/stan/origin/math/.worktrees/lib/tbb"      test/unit/math/laplace/aki_ex_test.o lib/benchmark_1.5.1/googletest/googletest/src/gtest_main.cc lib/benchmark_1.5.1/googletest/googletest/src/gtest-all.o lib/tbb/libtbb.so.2       -ltbb   -o test/unit/math/laplace/aki_ex_test
g++ -fdiagnostics-color -Wall  -fno-omit-frame-pointer  -ftemplate-backtrace-limit=0 -flto=auto -std=c++17 -pthread -D_REENTRANT -Wno-sign-compare -Wno-ignored-attributes -Wno-class-memaccess      -I lib/tbb_2020.3/include    -O1  -I . -I lib/eigen_3.4.0 -I lib/boost_1.87.0 -I lib/sundials_6.1.1/include -I lib/sundials_6.1.1/src/sundials -I lib/benchmark_1.5.1/googletest/googletest/include -I lib/benchmark_1.5.1/googletest/googletest     -DBOOST_DISABLE_ASSERTS         -DGTEST_HAS_PTHREAD=0 -flto=auto       -Wl,-L,"/home/sbronder/open_source/stan/origin/math/.worktrees/lib/tbb"   -Wl,-rpath,"/home/sbronder/open_source/stan/origin/math/.worktrees/lib/tbb"      test/unit/math/laplace/laplace_bernoulli_logit_rng_test.o lib/benchmark_1.5.1/googletest/googletest/src/gtest_main.cc lib/benchmark_1.5.1/googletest/googletest/src/gtest-all.o lib/tbb/libtbb.so.2       -ltbb   -o test/unit/math/laplace/laplace_bernoulli_logit_rng_test
g++ -fdiagnostics-color -Wall  -fno-omit-frame-pointer  -ftemplate-backtrace-limit=0 -flto=auto -std=c++17 -pthread -D_REENTRANT -Wno-sign-compare -Wno-ignored-attributes -Wno-class-memaccess      -I lib/tbb_2020.3/include    -O1  -I . -I lib/eigen_3.4.0 -I lib/boost_1.87.0 -I lib/sundials_6.1.1/include -I lib/sundials_6.1.1/src/sundials -I lib/benchmark_1.5.1/googletest/googletest/include -I lib/benchmark_1.5.1/googletest/googletest     -DBOOST_DISABLE_ASSERTS         -DGTEST_HAS_PTHREAD=0 -flto=auto       -Wl,-L,"/home/sbronder/open_source/stan/origin/math/.worktrees/lib/tbb"   -Wl,-rpath,"/home/sbronder/open_source/stan/origin/math/.worktrees/lib/tbb"      test/unit/math/laplace/laplace_poisson_log_rng_test.o lib/benchmark_1.5.1/googletest/googletest/src/gtest_main.cc lib/benchmark_1.5.1/googletest/googletest/src/gtest-all.o lib/tbb/libtbb.so.2       -ltbb   -o test/unit/math/laplace/laplace_poisson_log_rng_test
g++ -fdiagnostics-color -Wall  -fno-omit-frame-pointer  -ftemplate-backtrace-limit=0 -flto=auto -std=c++17 -pthread -D_REENTRANT -Wno-sign-compare -Wno-ignored-attributes -Wno-class-memaccess      -I lib/tbb_2020.3/include    -O1  -I . -I lib/eigen_3.4.0 -I lib/boost_1.87.0 -I lib/sundials_6.1.1/include -I lib/sundials_6.1.1/src/sundials -I lib/benchmark_1.5.1/googletest/googletest/include -I lib/benchmark_1.5.1/googletest/googletest     -DBOOST_DISABLE_ASSERTS         -DGTEST_HAS_PTHREAD=0 -flto=auto       -Wl,-L,"/home/sbronder/open_source/stan/origin/math/.worktrees/lib/tbb"   -Wl,-rpath,"/home/sbronder/open_source/stan/origin/math/.worktrees/lib/tbb"      test/unit/math/laplace/laplace_neg_binomial_2_log_rng_test.o lib/benchmark_1.5.1/googletest/googletest/src/gtest_main.cc lib/benchmark_1.5.1/googletest/googletest/src/gtest-all.o lib/tbb/libtbb.so.2       -ltbb   -o test/unit/math/laplace/laplace_neg_binomial_2_log_rng_test
g++ -fdiagnostics-color -Wall  -fno-omit-frame-pointer  -ftemplate-backtrace-limit=0 -flto=auto -std=c++17 -pthread -D_REENTRANT -Wno-sign-compare -Wno-ignored-attributes -Wno-class-memaccess      -I lib/tbb_2020.3/include    -O1  -I . -I lib/eigen_3.4.0 -I lib/boost_1.87.0 -I lib/sundials_6.1.1/include -I lib/sundials_6.1.1/src/sundials -I lib/benchmark_1.5.1/googletest/googletest/include -I lib/benchmark_1.5.1/googletest/googletest     -DBOOST_DISABLE_ASSERTS         -DGTEST_HAS_PTHREAD=0 -flto=auto       -Wl,-L,"/home/sbronder/open_source/stan/origin/math/.worktrees/lib/tbb"   -Wl,-rpath,"/home/sbronder/open_source/stan/origin/math/.worktrees/lib/tbb"      test/unit/math/laplace/laplace_marginal_bernoulli_logit_lpmf_test.o lib/benchmark_1.5.1/googletest/googletest/src/gtest_main.cc lib/benchmark_1.5.1/googletest/googletest/src/gtest-all.o lib/tbb/libtbb.so.2       -ltbb   -o test/unit/math/laplace/laplace_marginal_bernoulli_logit_lpmf_test
g++ -fdiagnostics-color -Wall  -fno-omit-frame-pointer  -ftemplate-backtrace-limit=0 -flto=auto -std=c++17 -pthread -D_REENTRANT -Wno-sign-compare -Wno-ignored-attributes -Wno-class-memaccess      -I lib/tbb_2020.3/include    -O1  -I . -I lib/eigen_3.4.0 -I lib/boost_1.87.0 -I lib/sundials_6.1.1/include -I lib/sundials_6.1.1/src/sundials -I lib/benchmark_1.5.1/googletest/googletest/include -I lib/benchmark_1.5.1/googletest/googletest     -DBOOST_DISABLE_ASSERTS         -DGTEST_HAS_PTHREAD=0 -flto=auto       -Wl,-L,"/home/sbronder/open_source/stan/origin/math/.worktrees/lib/tbb"   -Wl,-rpath,"/home/sbronder/open_source/stan/origin/math/.worktrees/lib/tbb"      test/unit/math/laplace/laplace_marginal_poisson_log_lpmf_test.o lib/benchmark_1.5.1/googletest/googletest/src/gtest_main.cc lib/benchmark_1.5.1/googletest/googletest/src/gtest-all.o lib/tbb/libtbb.so.2       -ltbb   -o test/unit/math/laplace/laplace_marginal_poisson_log_lpmf_test
g++ -fdiagnostics-color -Wall  -fno-omit-frame-pointer  -ftemplate-backtrace-limit=0 -flto=auto -std=c++17 -pthread -D_REENTRANT -Wno-sign-compare -Wno-ignored-attributes -Wno-class-memaccess      -I lib/tbb_2020.3/include    -O1  -I . -I lib/eigen_3.4.0 -I lib/boost_1.87.0 -I lib/sundials_6.1.1/include -I lib/sundials_6.1.1/src/sundials -I lib/benchmark_1.5.1/googletest/googletest/include -I lib/benchmark_1.5.1/googletest/googletest     -DBOOST_DISABLE_ASSERTS         -DGTEST_HAS_PTHREAD=0 -flto=auto       -Wl,-L,"/home/sbronder/open_source/stan/origin/math/.worktrees/lib/tbb"   -Wl,-rpath,"/home/sbronder/open_source/stan/origin/math/.worktrees/lib/tbb"      test/unit/math/laplace/laplace_marginal_lpdf_test.o lib/benchmark_1.5.1/googletest/googletest/src/gtest_main.cc lib/benchmark_1.5.1/googletest/googletest/src/gtest-all.o lib/tbb/libtbb.so.2       -ltbb   -o test/unit/math/laplace/laplace_marginal_lpdf_test
g++ -fdiagnostics-color -Wall  -fno-omit-frame-pointer  -ftemplate-backtrace-limit=0 -flto=auto -std=c++17 -pthread -D_REENTRANT -Wno-sign-compare -Wno-ignored-attributes -Wno-class-memaccess      -I lib/tbb_2020.3/include    -O1  -I . -I lib/eigen_3.4.0 -I lib/boost_1.87.0 -I lib/sundials_6.1.1/include -I lib/sundials_6.1.1/src/sundials -I lib/benchmark_1.5.1/googletest/googletest/include -I lib/benchmark_1.5.1/googletest/googletest     -DBOOST_DISABLE_ASSERTS         -DGTEST_HAS_PTHREAD=0 -flto=auto       -Wl,-L,"/home/sbronder/open_source/stan/origin/math/.worktrees/lib/tbb"   -Wl,-rpath,"/home/sbronder/open_source/stan/origin/math/.worktrees/lib/tbb"      test/unit/math/laplace/laplace_marginal_lpdf_moto_test.o lib/benchmark_1.5.1/googletest/googletest/src/gtest_main.cc lib/benchmark_1.5.1/googletest/googletest/src/gtest-all.o lib/tbb/libtbb.so.2       -ltbb   -o test/unit/math/laplace/laplace_marginal_lpdf_moto_test
g++ -fdiagnostics-color -Wall  -fno-omit-frame-pointer  -ftemplate-backtrace-limit=0 -flto=auto -std=c++17 -pthread -D_REENTRANT -Wno-sign-compare -Wno-ignored-attributes -Wno-class-memaccess      -I lib/tbb_2020.3/include    -O1  -I . -I lib/eigen_3.4.0 -I lib/boost_1.87.0 -I lib/sundials_6.1.1/include -I lib/sundials_6.1.1/src/sundials -I lib/benchmark_1.5.1/googletest/googletest/include -I lib/benchmark_1.5.1/googletest/googletest     -DBOOST_DISABLE_ASSERTS         -DGTEST_HAS_PTHREAD=0 -flto=auto       -Wl,-L,"/home/sbronder/open_source/stan/origin/math/.worktrees/lib/tbb"   -Wl,-rpath,"/home/sbronder/open_source/stan/origin/math/.worktrees/lib/tbb"      test/unit/math/laplace/laplace_marginal_neg_binomial_log_summary_lpmf_test.o lib/benchmark_1.5.1/googletest/googletest/src/gtest_main.cc lib/benchmark_1.5.1/googletest/googletest/src/gtest-all.o lib/tbb/libtbb.so.2       -ltbb   -o test/unit/math/laplace/laplace_marginal_neg_binomial_log_summary_lpmf_test
g++ -fdiagnostics-color -Wall  -fno-omit-frame-pointer  -ftemplate-backtrace-limit=0 -flto=auto -std=c++17 -pthread -D_REENTRANT -Wno-sign-compare -Wno-ignored-attributes -Wno-class-memaccess      -I lib/tbb_2020.3/include    -O1  -I . -I lib/eigen_3.4.0 -I lib/boost_1.87.0 -I lib/sundials_6.1.1/include -I lib/sundials_6.1.1/src/sundials -I lib/benchmark_1.5.1/googletest/googletest/include -I lib/benchmark_1.5.1/googletest/googletest     -DBOOST_DISABLE_ASSERTS         -DGTEST_HAS_PTHREAD=0 -flto=auto       -Wl,-L,"/home/sbronder/open_source/stan/origin/math/.worktrees/lib/tbb"   -Wl,-rpath,"/home/sbronder/open_source/stan/origin/math/.worktrees/lib/tbb"      test/unit/math/laplace/laplace_marginal_neg_binomial_log_lpmf_test.o lib/benchmark_1.5.1/googletest/googletest/src/gtest_main.cc lib/benchmark_1.5.1/googletest/googletest/src/gtest-all.o lib/tbb/libtbb.so.2       -ltbb   -o test/unit/math/laplace/laplace_marginal_neg_binomial_log_lpmf_test
g++ -fdiagnostics-color -Wall  -fno-omit-frame-pointer  -ftemplate-backtrace-limit=0 -flto=auto -std=c++17 -pthread -D_REENTRANT -Wno-sign-compare -Wno-ignored-attributes -Wno-class-memaccess      -I lib/tbb_2020.3/include    -O1  -I . -I lib/eigen_3.4.0 -I lib/boost_1.87.0 -I lib/sundials_6.1.1/include -I lib/sundials_6.1.1/src/sundials -I lib/benchmark_1.5.1/googletest/googletest/include -I lib/benchmark_1.5.1/googletest/googletest     -DBOOST_DISABLE_ASSERTS         -DGTEST_HAS_PTHREAD=0 -flto=auto       -Wl,-L,"/home/sbronder/open_source/stan/origin/math/.worktrees/lib/tbb"   -Wl,-rpath,"/home/sbronder/open_source/stan/origin/math/.worktrees/lib/tbb"      test/unit/math/laplace/laplace_types_test.o lib/benchmark_1.5.1/googletest/googletest/src/gtest_main.cc lib/benchmark_1.5.1/googletest/googletest/src/gtest-all.o lib/tbb/libtbb.so.2       -ltbb   -o test/unit/math/laplace/laplace_types_test
rm test/unit/math/laplace/wolfe_line_search_test.o test/unit/math/laplace/laplace_types_test.o
Running main() from lib/benchmark_1.5.1/googletest/googletest/src/gtest_main.cc
[==========] Running 1 test from 1 test suite.
[----------] Global test environment set-up.
[----------] 1 test from laplace_bernoulli_logit_rng
[ RUN      ] laplace_bernoulli_logit_rng.two_dim_diag
[       OK ] laplace_bernoulli_logit_rng.two_dim_diag (0 ms)
[----------] 1 test from laplace_bernoulli_logit_rng (0 ms total)

[----------] Global test environment tear-down
[==========] 1 test from 1 test suite ran. (0 ms total)
[  PASSED  ] 1 test.
Running main() from lib/benchmark_1.5.1/googletest/googletest/src/gtest_main.cc
[==========] Running 18 tests from 1 test suite.
[----------] Global test environment set-up.
[----------] 18 tests from laplace_marginal_bernoulli_logit_lpmf
[ RUN      ] laplace_marginal_bernoulli_logit_lpmf.phi_dim500/solver_1_block_1_linesearch_0
test/unit/math/laplace/laplace_marginal_bernoulli_logit_lpmf_test.cpp:28: Skipped
[  INFO    ] Skipping test for zero line search steps.
[  SKIPPED ] laplace_marginal_bernoulli_logit_lpmf.phi_dim500/solver_1_block_1_linesearch_0 (0 ms)
[ RUN      ] laplace_marginal_bernoulli_logit_lpmf.phi_dim500/solver_1_block_1_linesearch_1000
[       OK ] laplace_marginal_bernoulli_logit_lpmf.phi_dim500/solver_1_block_1_linesearch_1000 (1437 ms)
[ RUN      ] laplace_marginal_bernoulli_logit_lpmf.phi_dim500/solver_1_block_2_linesearch_0
test/unit/math/laplace/laplace_marginal_bernoulli_logit_lpmf_test.cpp:28: Skipped
[  INFO    ] Skipping test for zero line search steps.
[  SKIPPED ] laplace_marginal_bernoulli_logit_lpmf.phi_dim500/solver_1_block_2_linesearch_0 (0 ms)
[ RUN      ] laplace_marginal_bernoulli_logit_lpmf.phi_dim500/solver_1_block_2_linesearch_1000
[       OK ] laplace_marginal_bernoulli_logit_lpmf.phi_dim500/solver_1_block_2_linesearch_1000 (1806 ms)
[ RUN      ] laplace_marginal_bernoulli_logit_lpmf.phi_dim500/solver_1_block_3_linesearch_0
test/unit/math/laplace/laplace_marginal_bernoulli_logit_lpmf_test.cpp:27: Skipped
[  INFO    ] Skipping test for hessian of size 500 with hessian block size of 3
[  SKIPPED ] laplace_marginal_bernoulli_logit_lpmf.phi_dim500/solver_1_block_3_linesearch_0 (0 ms)
[ RUN      ] laplace_marginal_bernoulli_logit_lpmf.phi_dim500/solver_1_block_3_linesearch_1000
test/unit/math/laplace/laplace_marginal_bernoulli_logit_lpmf_test.cpp:27: Skipped
[  INFO    ] Skipping test for hessian of size 500 with hessian block size of 3
[  SKIPPED ] laplace_marginal_bernoulli_logit_lpmf.phi_dim500/solver_1_block_3_linesearch_1000 (0 ms)
[ RUN      ] laplace_marginal_bernoulli_logit_lpmf.phi_dim500/solver_2_block_1_linesearch_0
test/unit/math/laplace/laplace_marginal_bernoulli_logit_lpmf_test.cpp:28: Skipped
[  INFO    ] Skipping test for zero line search steps.
[  SKIPPED ] laplace_marginal_bernoulli_logit_lpmf.phi_dim500/solver_2_block_1_linesearch_0 (0 ms)
[ RUN      ] laplace_marginal_bernoulli_logit_lpmf.phi_dim500/solver_2_block_1_linesearch_1000
[       OK ] laplace_marginal_bernoulli_logit_lpmf.phi_dim500/solver_2_block_1_linesearch_1000 (3550 ms)
[ RUN      ] laplace_marginal_bernoulli_logit_lpmf.phi_dim500/solver_2_block_2_linesearch_0
test/unit/math/laplace/laplace_marginal_bernoulli_logit_lpmf_test.cpp:28: Skipped
[  INFO    ] Skipping test for zero line search steps.
[  SKIPPED ] laplace_marginal_bernoulli_logit_lpmf.phi_dim500/solver_2_block_2_linesearch_0 (0 ms)
[ RUN      ] laplace_marginal_bernoulli_logit_lpmf.phi_dim500/solver_2_block_2_linesearch_1000
[       OK ] laplace_marginal_bernoulli_logit_lpmf.phi_dim500/solver_2_block_2_linesearch_1000 (3514 ms)
[ RUN      ] laplace_marginal_bernoulli_logit_lpmf.phi_dim500/solver_2_block_3_linesearch_0
test/unit/math/laplace/laplace_marginal_bernoulli_logit_lpmf_test.cpp:27: Skipped
[  INFO    ] Skipping test for hessian of size 500 with hessian block size of 3
[  SKIPPED ] laplace_marginal_bernoulli_logit_lpmf.phi_dim500/solver_2_block_3_linesearch_0 (0 ms)
[ RUN      ] laplace_marginal_bernoulli_logit_lpmf.phi_dim500/solver_2_block_3_linesearch_1000
test/unit/math/laplace/laplace_marginal_bernoulli_logit_lpmf_test.cpp:27: Skipped
[  INFO    ] Skipping test for hessian of size 500 with hessian block size of 3
[  SKIPPED ] laplace_marginal_bernoulli_logit_lpmf.phi_dim500/solver_2_block_3_linesearch_1000 (0 ms)
[ RUN      ] laplace_marginal_bernoulli_logit_lpmf.phi_dim500/solver_3_block_1_linesearch_0
test/unit/math/laplace/laplace_marginal_bernoulli_logit_lpmf_test.cpp:28: Skipped
[  INFO    ] Skipping test for zero line search steps.
[  SKIPPED ] laplace_marginal_bernoulli_logit_lpmf.phi_dim500/solver_3_block_1_linesearch_0 (0 ms)
[ RUN      ] laplace_marginal_bernoulli_logit_lpmf.phi_dim500/solver_3_block_1_linesearch_1000
[       OK ] laplace_marginal_bernoulli_logit_lpmf.phi_dim500/solver_3_block_1_linesearch_1000 (3484 ms)
[ RUN      ] laplace_marginal_bernoulli_logit_lpmf.phi_dim500/solver_3_block_2_linesearch_0
test/unit/math/laplace/laplace_marginal_bernoulli_logit_lpmf_test.cpp:28: Skipped
[  INFO    ] Skipping test for zero line search steps.
[  SKIPPED ] laplace_marginal_bernoulli_logit_lpmf.phi_dim500/solver_3_block_2_linesearch_0 (0 ms)
[ RUN      ] laplace_marginal_bernoulli_logit_lpmf.phi_dim500/solver_3_block_2_linesearch_1000
[       OK ] laplace_marginal_bernoulli_logit_lpmf.phi_dim500/solver_3_block_2_linesearch_1000 (3549 ms)
[ RUN      ] laplace_marginal_bernoulli_logit_lpmf.phi_dim500/solver_3_block_3_linesearch_0
test/unit/math/laplace/laplace_marginal_bernoulli_logit_lpmf_test.cpp:27: Skipped
[  INFO    ] Skipping test for hessian of size 500 with hessian block size of 3
[  SKIPPED ] laplace_marginal_bernoulli_logit_lpmf.phi_dim500/solver_3_block_3_linesearch_0 (0 ms)
[ RUN      ] laplace_marginal_bernoulli_logit_lpmf.phi_dim500/solver_3_block_3_linesearch_1000
test/unit/math/laplace/laplace_marginal_bernoulli_logit_lpmf_test.cpp:27: Skipped
[  INFO    ] Skipping test for hessian of size 500 with hessian block size of 3
[  SKIPPED ] laplace_marginal_bernoulli_logit_lpmf.phi_dim500/solver_3_block_3_linesearch_1000 (0 ms)
[----------] 18 tests from laplace_marginal_bernoulli_logit_lpmf (17340 ms total)

[----------] Global test environment tear-down
[==========] 18 tests from 1 test suite ran. (17340 ms total)
[  PASSED  ] 6 tests.
[  SKIPPED ] 12 tests, listed below:
[  SKIPPED ] laplace_marginal_bernoulli_logit_lpmf.phi_dim500/solver_1_block_1_linesearch_0
[  SKIPPED ] laplace_marginal_bernoulli_logit_lpmf.phi_dim500/solver_1_block_2_linesearch_0
[  SKIPPED ] laplace_marginal_bernoulli_logit_lpmf.phi_dim500/solver_1_block_3_linesearch_0
[  SKIPPED ] laplace_marginal_bernoulli_logit_lpmf.phi_dim500/solver_1_block_3_linesearch_1000
[  SKIPPED ] laplace_marginal_bernoulli_logit_lpmf.phi_dim500/solver_2_block_1_linesearch_0
[  SKIPPED ] laplace_marginal_bernoulli_logit_lpmf.phi_dim500/solver_2_block_2_linesearch_0
[  SKIPPED ] laplace_marginal_bernoulli_logit_lpmf.phi_dim500/solver_2_block_3_linesearch_0
[  SKIPPED ] laplace_marginal_bernoulli_logit_lpmf.phi_dim500/solver_2_block_3_linesearch_1000
[  SKIPPED ] laplace_marginal_bernoulli_logit_lpmf.phi_dim500/solver_3_block_1_linesearch_0
[  SKIPPED ] laplace_marginal_bernoulli_logit_lpmf.phi_dim500/solver_3_block_2_linesearch_0
[  SKIPPED ] laplace_marginal_bernoulli_logit_lpmf.phi_dim500/solver_3_block_3_linesearch_0
[  SKIPPED ] laplace_marginal_bernoulli_logit_lpmf.phi_dim500/solver_3_block_3_linesearch_1000
Running main() from lib/benchmark_1.5.1/googletest/googletest/src/gtest_main.cc
[==========] Running 72 tests from 1 test suite.
[----------] Global test environment set-up.
[----------] 72 tests from laplace_motorcyle_gp_test
[ RUN      ] laplace_motorcyle_gp_test.gp_motorcycle_val/solver_1_block_1_linesearch_0
test/unit/math/laplace/laplace_marginal_lpdf_moto_test.cpp:147: Skipped
[  INFO    ] Skipping test for zero line search steps.
[  SKIPPED ] laplace_motorcyle_gp_test.gp_motorcycle_val/solver_1_block_1_linesearch_0 (3 ms)
[ RUN      ] laplace_motorcyle_gp_test.gp_motorcycle_val/solver_1_block_1_linesearch_1000
[ WARN_MSG ]  (count: 1):   action:     trying solver 3 (General LU solver)
[ WARN_MSG ]  (count: 1):   reason:     laplace_marginal_density: Cholesky decomposition failed on Hessian matrix B after attempting jitter values from 1e-10 to 1e-05. Matrix may not be positive definite.
[ WARN_MSG ]  (count: 1):   failed:     solver 2 (Covariance-root Cholesky)
[ WARN_MSG ]  (count: 1):   iteration:  1
[ WARN_MSG ]  (count: 1):   action:     trying solver 2 (Covariance-root Cholesky)
[ WARN_MSG ]  (count: 1):   reason:     laplace_marginal_density: Hessian matrix is not positive definite
[ WARN_MSG ]  (count: 1):   iteration:  0
[ WARN_MSG ]  (count: 1):   failed:     solver 1 (Diagonal Hessian-root Cholesky)
[ WARN_MSG ]  (count: 2): [laplace_marginal_density] WARNING: solver fallback
[       OK ] laplace_motorcyle_gp_test.gp_motorcycle_val/solver_1_block_1_linesearch_1000 (104 ms)
[ RUN      ] laplace_motorcyle_gp_test.gp_motorcycle_val/solver_1_block_2_linesearch_0
test/unit/math/laplace/laplace_marginal_lpdf_moto_test.cpp:147: Skipped
[  INFO    ] Skipping test for zero line search steps.
[  SKIPPED ] laplace_motorcyle_gp_test.gp_motorcycle_val/solver_1_block_2_linesearch_0 (1 ms)
[ RUN      ] laplace_motorcyle_gp_test.gp_motorcycle_val/solver_1_block_2_linesearch_1000
[ WARN_MSG ]  (count: 1):   action:     trying solver 2 (Covariance-root Cholesky)
[ WARN_MSG ]  (count: 1):   reason:     Error in block_matrix_sqrt: values less than 0 detected in block diagonal's schur decomposition starting at (0, 0)
[ WARN_MSG ]  (count: 1):   failed:     solver 1 (Block Hessian-root Cholesky)
[ WARN_MSG ]  (count: 1):   iteration:  0
[ WARN_MSG ]  (count: 1): [laplace_marginal_density] WARNING: solver fallback
[       OK ] laplace_motorcyle_gp_test.gp_motorcycle_val/solver_1_block_2_linesearch_1000 (43 ms)
[ RUN      ] laplace_motorcyle_gp_test.gp_motorcycle_val/solver_1_block_3_linesearch_0
test/unit/math/laplace/laplace_marginal_lpdf_moto_test.cpp:146: Skipped
[  INFO    ] Skipping test for hessian of size 266 with hessian block size of 3
[  SKIPPED ] laplace_motorcyle_gp_test.gp_motorcycle_val/solver_1_block_3_linesearch_0 (0 ms)
[ RUN      ] laplace_motorcyle_gp_test.gp_motorcycle_val/solver_1_block_3_linesearch_1000
test/unit/math/laplace/laplace_marginal_lpdf_moto_test.cpp:146: Skipped
[  INFO    ] Skipping test for hessian of size 266 with hessian block size of 3
[  SKIPPED ] laplace_motorcyle_gp_test.gp_motorcycle_val/solver_1_block_3_linesearch_1000 (1 ms)
[ RUN      ] laplace_motorcyle_gp_test.gp_motorcycle_val/solver_2_block_1_linesearch_0
test/unit/math/laplace/laplace_marginal_lpdf_moto_test.cpp:147: Skipped
[  INFO    ] Skipping test for zero line search steps.
[  SKIPPED ] laplace_motorcyle_gp_test.gp_motorcycle_val/solver_2_block_1_linesearch_0 (1 ms)
[ RUN      ] laplace_motorcyle_gp_test.gp_motorcycle_val/solver_2_block_1_linesearch_1000
[ WARN_MSG ]  (count: 1):   action:     trying solver 3 (General LU solver)
[ WARN_MSG ]  (count: 1):   reason:     laplace_marginal_density: Cholesky decomposition failed on Hessian matrix B after attempting jitter values from 1e-10 to 1e-05. Matrix may not be positive definite.
[ WARN_MSG ]  (count: 1):   failed:     solver 2 (Covariance-root Cholesky)
[ WARN_MSG ]  (count: 1):   iteration:  1
[ WARN_MSG ]  (count: 1): [laplace_marginal_density] WARNING: solver fallback
[       OK ] laplace_motorcyle_gp_test.gp_motorcycle_val/solver_2_block_1_linesearch_1000 (93 ms)
[ RUN      ] laplace_motorcyle_gp_test.gp_motorcycle_val/solver_2_block_2_linesearch_0
test/unit/math/laplace/laplace_marginal_lpdf_moto_test.cpp:147: Skipped
[  INFO    ] Skipping test for zero line search steps.
[  SKIPPED ] laplace_motorcyle_gp_test.gp_motorcycle_val/solver_2_block_2_linesearch_0 (0 ms)
[ RUN      ] laplace_motorcyle_gp_test.gp_motorcycle_val/solver_2_block_2_linesearch_1000
[       OK ] laplace_motorcyle_gp_test.gp_motorcycle_val/solver_2_block_2_linesearch_1000 (42 ms)
[ RUN      ] laplace_motorcyle_gp_test.gp_motorcycle_val/solver_2_block_3_linesearch_0
test/unit/math/laplace/laplace_marginal_lpdf_moto_test.cpp:146: Skipped
[  INFO    ] Skipping test for hessian of size 266 with hessian block size of 3
[  SKIPPED ] laplace_motorcyle_gp_test.gp_motorcycle_val/solver_2_block_3_linesearch_0 (1 ms)
[ RUN      ] laplace_motorcyle_gp_test.gp_motorcycle_val/solver_2_block_3_linesearch_1000
test/unit/math/laplace/laplace_marginal_lpdf_moto_test.cpp:146: Skipped
[  INFO    ] Skipping test for hessian of size 266 with hessian block size of 3
[  SKIPPED ] laplace_motorcyle_gp_test.gp_motorcycle_val/solver_2_block_3_linesearch_1000 (1 ms)
[ RUN      ] laplace_motorcyle_gp_test.gp_motorcycle_val/solver_3_block_1_linesearch_0
test/unit/math/laplace/laplace_marginal_lpdf_moto_test.cpp:147: Skipped
[  INFO    ] Skipping test for zero line search steps.
[  SKIPPED ] laplace_motorcyle_gp_test.gp_motorcycle_val/solver_3_block_1_linesearch_0 (1 ms)
[ RUN      ] laplace_motorcyle_gp_test.gp_motorcycle_val/solver_3_block_1_linesearch_1000
[ WARN_MSG ]  (count: 1):   action:     trying solver 3 (General LU solver)
[ WARN_MSG ]  (count: 1):   reason:     laplace_marginal_density: Cholesky decomposition failed on Hessian matrix B after attempting jitter values from 1e-10 to 1e-05. Matrix may not be positive definite.
[ WARN_MSG ]  (count: 1):   failed:     solver 2 (Covariance-root Cholesky)
[ WARN_MSG ]  (count: 1):   iteration:  1
[ WARN_MSG ]  (count: 1): [laplace_marginal_density] WARNING: solver fallback
[       OK ] laplace_motorcyle_gp_test.gp_motorcycle_val/solver_3_block_1_linesearch_1000 (93 ms)
[ RUN      ] laplace_motorcyle_gp_test.gp_motorcycle_val/solver_3_block_2_linesearch_0
test/unit/math/laplace/laplace_marginal_lpdf_moto_test.cpp:147: Skipped
[  INFO    ] Skipping test for zero line search steps.
[  SKIPPED ] laplace_motorcyle_gp_test.gp_motorcycle_val/solver_3_block_2_linesearch_0 (0 ms)
[ RUN      ] laplace_motorcyle_gp_test.gp_motorcycle_val/solver_3_block_2_linesearch_1000
[       OK ] laplace_motorcyle_gp_test.gp_motorcycle_val/solver_3_block_2_linesearch_1000 (43 ms)
[ RUN      ] laplace_motorcyle_gp_test.gp_motorcycle_val/solver_3_block_3_linesearch_0
test/unit/math/laplace/laplace_marginal_lpdf_moto_test.cpp:146: Skipped
[  INFO    ] Skipping test for hessian of size 266 with hessian block size of 3
[  SKIPPED ] laplace_motorcyle_gp_test.gp_motorcycle_val/solver_3_block_3_linesearch_0 (1 ms)
[ RUN      ] laplace_motorcyle_gp_test.gp_motorcycle_val/solver_3_block_3_linesearch_1000
test/unit/math/laplace/laplace_marginal_lpdf_moto_test.cpp:146: Skipped
[  INFO    ] Skipping test for hessian of size 266 with hessian block size of 3
[  SKIPPED ] laplace_motorcyle_gp_test.gp_motorcycle_val/solver_3_block_3_linesearch_1000 (1 ms)
[ RUN      ] laplace_motorcyle_gp_test.gp_motorcycle_ad/solver_1_block_1_linesearch_0
test/unit/math/laplace/laplace_marginal_lpdf_moto_test.cpp:176: Skipped
[  INFO    ] Skipping test for zero line search steps.
[  SKIPPED ] laplace_motorcyle_gp_test.gp_motorcycle_ad/solver_1_block_1_linesearch_0 (1 ms)
[ RUN      ] laplace_motorcyle_gp_test.gp_motorcycle_ad/solver_1_block_1_linesearch_1000
[ WARN_MSG ]  (count: 12):   action:     trying solver 3 (General LU solver)
[ WARN_MSG ]  (count: 12):   reason:     laplace_marginal_density: Cholesky decomposition failed on Hessian matrix B after attempting jitter values from 1e-10 to 1e-05. Matrix may not be positive definite.
[ WARN_MSG ]  (count: 12):   failed:     solver 2 (Covariance-root Cholesky)
[ WARN_MSG ]  (count: 12):   iteration:  1
[ WARN_MSG ]  (count: 12):   action:     trying solver 2 (Covariance-root Cholesky)
[ WARN_MSG ]  (count: 12):   reason:     laplace_marginal_density: Hessian matrix is not positive definite
[ WARN_MSG ]  (count: 12):   iteration:  0
[ WARN_MSG ]  (count: 12):   failed:     solver 1 (Diagonal Hessian-root Cholesky)
[ WARN_MSG ]  (count: 24): [laplace_marginal_density] WARNING: solver fallback
[       OK ] laplace_motorcyle_gp_test.gp_motorcycle_ad/solver_1_block_1_linesearch_1000 (1138 ms)
[ RUN      ] laplace_motorcyle_gp_test.gp_motorcycle_ad/solver_1_block_2_linesearch_0
test/unit/math/laplace/laplace_marginal_lpdf_moto_test.cpp:176: Skipped
[  INFO    ] Skipping test for zero line search steps.
[  SKIPPED ] laplace_motorcyle_gp_test.gp_motorcycle_ad/solver_1_block_2_linesearch_0 (1 ms)
[ RUN      ] laplace_motorcyle_gp_test.gp_motorcycle_ad/solver_1_block_2_linesearch_1000
[ WARN_MSG ]  (count: 63):   action:     trying solver 2 (Covariance-root Cholesky)
[ WARN_MSG ]  (count: 63):   reason:     Error in block_matrix_sqrt: values less than 0 detected in block diagonal's schur decomposition starting at (0, 0)
[ WARN_MSG ]  (count: 63):   failed:     solver 1 (Block Hessian-root Cholesky)
[ WARN_MSG ]  (count: 63):   iteration:  0
[ WARN_MSG ]  (count: 63): [laplace_marginal_density] WARNING: solver fallback
[       OK ] laplace_motorcyle_gp_test.gp_motorcycle_ad/solver_1_block_2_linesearch_1000 (2727 ms)
[ RUN      ] laplace_motorcyle_gp_test.gp_motorcycle_ad/solver_1_block_3_linesearch_0
test/unit/math/laplace/laplace_marginal_lpdf_moto_test.cpp:175: Skipped
[  INFO    ] Skipping test for hessian of size 266 with hessian block size of 3
[  SKIPPED ] laplace_motorcyle_gp_test.gp_motorcycle_ad/solver_1_block_3_linesearch_0 (1 ms)
[ RUN      ] laplace_motorcyle_gp_test.gp_motorcycle_ad/solver_1_block_3_linesearch_1000
test/unit/math/laplace/laplace_marginal_lpdf_moto_test.cpp:175: Skipped
[  INFO    ] Skipping test for hessian of size 266 with hessian block size of 3
[  SKIPPED ] laplace_motorcyle_gp_test.gp_motorcycle_ad/solver_1_block_3_linesearch_1000 (1 ms)
[ RUN      ] laplace_motorcyle_gp_test.gp_motorcycle_ad/solver_2_block_1_linesearch_0
test/unit/math/laplace/laplace_marginal_lpdf_moto_test.cpp:176: Skipped
[  INFO    ] Skipping test for zero line search steps.
[  SKIPPED ] laplace_motorcyle_gp_test.gp_motorcycle_ad/solver_2_block_1_linesearch_0 (1 ms)
[ RUN      ] laplace_motorcyle_gp_test.gp_motorcycle_ad/solver_2_block_1_linesearch_1000
[ WARN_MSG ]  (count: 12):   action:     trying solver 3 (General LU solver)
[ WARN_MSG ]  (count: 12):   reason:     laplace_marginal_density: Cholesky decomposition failed on Hessian matrix B after attempting jitter values from 1e-10 to 1e-05. Matrix may not be positive definite.
[ WARN_MSG ]  (count: 12):   failed:     solver 2 (Covariance-root Cholesky)
[ WARN_MSG ]  (count: 12):   iteration:  1
[ WARN_MSG ]  (count: 12): [laplace_marginal_density] WARNING: solver fallback
[       OK ] laplace_motorcyle_gp_test.gp_motorcycle_ad/solver_2_block_1_linesearch_1000 (1203 ms)
[ RUN      ] laplace_motorcyle_gp_test.gp_motorcycle_ad/solver_2_block_2_linesearch_0
test/unit/math/laplace/laplace_marginal_lpdf_moto_test.cpp:176: Skipped
[  INFO    ] Skipping test for zero line search steps.
[  SKIPPED ] laplace_motorcyle_gp_test.gp_motorcycle_ad/solver_2_block_2_linesearch_0 (1 ms)
[ RUN      ] laplace_motorcyle_gp_test.gp_motorcycle_ad/solver_2_block_2_linesearch_1000
[       OK ] laplace_motorcyle_gp_test.gp_motorcycle_ad/solver_2_block_2_linesearch_1000 (2622 ms)
[ RUN      ] laplace_motorcyle_gp_test.gp_motorcycle_ad/solver_2_block_3_linesearch_0
test/unit/math/laplace/laplace_marginal_lpdf_moto_test.cpp:175: Skipped
[  INFO    ] Skipping test for hessian of size 266 with hessian block size of 3
[  SKIPPED ] laplace_motorcyle_gp_test.gp_motorcycle_ad/solver_2_block_3_linesearch_0 (1 ms)
[ RUN      ] laplace_motorcyle_gp_test.gp_motorcycle_ad/solver_2_block_3_linesearch_1000
test/unit/math/laplace/laplace_marginal_lpdf_moto_test.cpp:175: Skipped
[  INFO    ] Skipping test for hessian of size 266 with hessian block size of 3
[  SKIPPED ] laplace_motorcyle_gp_test.gp_motorcycle_ad/solver_2_block_3_linesearch_1000 (1 ms)
[ RUN      ] laplace_motorcyle_gp_test.gp_motorcycle_ad/solver_3_block_1_linesearch_0
test/unit/math/laplace/laplace_marginal_lpdf_moto_test.cpp:176: Skipped
[  INFO    ] Skipping test for zero line search steps.
[  SKIPPED ] laplace_motorcyle_gp_test.gp_motorcycle_ad/solver_3_block_1_linesearch_0 (1 ms)
[ RUN      ] laplace_motorcyle_gp_test.gp_motorcycle_ad/solver_3_block_1_linesearch_1000
[ WARN_MSG ]  (count: 12):   action:     trying solver 3 (General LU solver)
[ WARN_MSG ]  (count: 12):   reason:     laplace_marginal_density: Cholesky decomposition failed on Hessian matrix B after attempting jitter values from 1e-10 to 1e-05. Matrix may not be positive definite.
[ WARN_MSG ]  (count: 12):   failed:     solver 2 (Covariance-root Cholesky)
[ WARN_MSG ]  (count: 12):   iteration:  1
[ WARN_MSG ]  (count: 12): [laplace_marginal_density] WARNING: solver fallback
[       OK ] laplace_motorcyle_gp_test.gp_motorcycle_ad/solver_3_block_1_linesearch_1000 (1130 ms)
[ RUN      ] laplace_motorcyle_gp_test.gp_motorcycle_ad/solver_3_block_2_linesearch_0
test/unit/math/laplace/laplace_marginal_lpdf_moto_test.cpp:176: Skipped
[  INFO    ] Skipping test for zero line search steps.
[  SKIPPED ] laplace_motorcyle_gp_test.gp_motorcycle_ad/solver_3_block_2_linesearch_0 (1 ms)
[ RUN      ] laplace_motorcyle_gp_test.gp_motorcycle_ad/solver_3_block_2_linesearch_1000
[       OK ] laplace_motorcyle_gp_test.gp_motorcycle_ad/solver_3_block_2_linesearch_1000 (2644 ms)
[ RUN      ] laplace_motorcyle_gp_test.gp_motorcycle_ad/solver_3_block_3_linesearch_0
test/unit/math/laplace/laplace_marginal_lpdf_moto_test.cpp:175: Skipped
[  INFO    ] Skipping test for hessian of size 266 with hessian block size of 3
[  SKIPPED ] laplace_motorcyle_gp_test.gp_motorcycle_ad/solver_3_block_3_linesearch_0 (1 ms)
[ RUN      ] laplace_motorcyle_gp_test.gp_motorcycle_ad/solver_3_block_3_linesearch_1000
test/unit/math/laplace/laplace_marginal_lpdf_moto_test.cpp:175: Skipped
[  INFO    ] Skipping test for hessian of size 266 with hessian block size of 3
[  SKIPPED ] laplace_motorcyle_gp_test.gp_motorcycle_ad/solver_3_block_3_linesearch_1000 (1 ms)
[ RUN      ] laplace_motorcyle_gp_test.gp_motorcycle2_val/solver_1_block_1_linesearch_0
test/unit/math/laplace/laplace_marginal_lpdf_moto_test.cpp:253: Skipped
[  INFO    ] Skipping test for zero line search steps.
[  SKIPPED ] laplace_motorcyle_gp_test.gp_motorcycle2_val/solver_1_block_1_linesearch_0 (2 ms)
[ RUN      ] laplace_motorcyle_gp_test.gp_motorcycle2_val/solver_1_block_1_linesearch_1000
[ WARN_MSG ]  (count: 1):   action:     trying solver 3 (General LU solver)
[ WARN_MSG ]  (count: 1):   reason:     laplace_marginal_density: Cholesky decomposition failed on Hessian matrix B after attempting jitter values from 1e-10 to 1e-05. Matrix may not be positive definite.
[ WARN_MSG ]  (count: 1):   failed:     solver 2 (Covariance-root Cholesky)
[ WARN_MSG ]  (count: 1):   action:     trying solver 2 (Covariance-root Cholesky)
[ WARN_MSG ]  (count: 1):   reason:     laplace_marginal_density: Hessian matrix is not positive definite
[ WARN_MSG ]  (count: 2):   iteration:  0
[ WARN_MSG ]  (count: 1):   failed:     solver 1 (Diagonal Hessian-root Cholesky)
[ WARN_MSG ]  (count: 2): [laplace_marginal_density] WARNING: solver fallback
[       OK ] laplace_motorcyle_gp_test.gp_motorcycle2_val/solver_1_block_1_linesearch_1000 (45 ms)
[ RUN      ] laplace_motorcyle_gp_test.gp_motorcycle2_val/solver_1_block_2_linesearch_0
test/unit/math/laplace/laplace_marginal_lpdf_moto_test.cpp:253: Skipped
[  INFO    ] Skipping test for zero line search steps.
[  SKIPPED ] laplace_motorcyle_gp_test.gp_motorcycle2_val/solver_1_block_2_linesearch_0 (1 ms)
[ RUN      ] laplace_motorcyle_gp_test.gp_motorcycle2_val/solver_1_block_2_linesearch_1000
[ WARN_MSG ]  (count: 1):   action:     trying solver 2 (Covariance-root Cholesky)
[ WARN_MSG ]  (count: 1):   reason:     Error in block_matrix_sqrt: values less than 0 detected in block diagonal's schur decomposition starting at (21, 21)
[ WARN_MSG ]  (count: 1):   failed:     solver 1 (Block Hessian-root Cholesky)
[ WARN_MSG ]  (count: 1):   iteration:  0
[ WARN_MSG ]  (count: 1): [laplace_marginal_density] WARNING: solver fallback
[       OK ] laplace_motorcyle_gp_test.gp_motorcycle2_val/solver_1_block_2_linesearch_1000 (47 ms)
[ RUN      ] laplace_motorcyle_gp_test.gp_motorcycle2_val/solver_1_block_3_linesearch_0
test/unit/math/laplace/laplace_marginal_lpdf_moto_test.cpp:252: Skipped
[  INFO    ] Skipping test for hessian of size 266 with hessian block size of 3
[  SKIPPED ] laplace_motorcyle_gp_test.gp_motorcycle2_val/solver_1_block_3_linesearch_0 (2 ms)
[ RUN      ] laplace_motorcyle_gp_test.gp_motorcycle2_val/solver_1_block_3_linesearch_1000
test/unit/math/laplace/laplace_marginal_lpdf_moto_test.cpp:252: Skipped
[  INFO    ] Skipping test for hessian of size 266 with hessian block size of 3
[  SKIPPED ] laplace_motorcyle_gp_test.gp_motorcycle2_val/solver_1_block_3_linesearch_1000 (2 ms)
[ RUN      ] laplace_motorcyle_gp_test.gp_motorcycle2_val/solver_2_block_1_linesearch_0
test/unit/math/laplace/laplace_marginal_lpdf_moto_test.cpp:253: Skipped
[  INFO    ] Skipping test for zero line search steps.
[  SKIPPED ] laplace_motorcyle_gp_test.gp_motorcycle2_val/solver_2_block_1_linesearch_0 (1 ms)
[ RUN      ] laplace_motorcyle_gp_test.gp_motorcycle2_val/solver_2_block_1_linesearch_1000
[ WARN_MSG ]  (count: 1):   action:     trying solver 3 (General LU solver)
[ WARN_MSG ]  (count: 1):   reason:     laplace_marginal_density: Cholesky decomposition failed on Hessian matrix B after attempting jitter values from 1e-10 to 1e-05. Matrix may not be positive definite.
[ WARN_MSG ]  (count: 1):   failed:     solver 2 (Covariance-root Cholesky)
[ WARN_MSG ]  (count: 1):   iteration:  0
[ WARN_MSG ]  (count: 1): [laplace_marginal_density] WARNING: solver fallback
[       OK ] laplace_motorcyle_gp_test.gp_motorcycle2_val/solver_2_block_1_linesearch_1000 (45 ms)
[ RUN      ] laplace_motorcyle_gp_test.gp_motorcycle2_val/solver_2_block_2_linesearch_0
test/unit/math/laplace/laplace_marginal_lpdf_moto_test.cpp:253: Skipped
[  INFO    ] Skipping test for zero line search steps.
[  SKIPPED ] laplace_motorcyle_gp_test.gp_motorcycle2_val/solver_2_block_2_linesearch_0 (1 ms)
[ RUN      ] laplace_motorcyle_gp_test.gp_motorcycle2_val/solver_2_block_2_linesearch_1000
[       OK ] laplace_motorcyle_gp_test.gp_motorcycle2_val/solver_2_block_2_linesearch_1000 (47 ms)
[ RUN      ] laplace_motorcyle_gp_test.gp_motorcycle2_val/solver_2_block_3_linesearch_0
test/unit/math/laplace/laplace_marginal_lpdf_moto_test.cpp:252: Skipped
[  INFO    ] Skipping test for hessian of size 266 with hessian block size of 3
[  SKIPPED ] laplace_motorcyle_gp_test.gp_motorcycle2_val/solver_2_block_3_linesearch_0 (1 ms)
[ RUN      ] laplace_motorcyle_gp_test.gp_motorcycle2_val/solver_2_block_3_linesearch_1000
test/unit/math/laplace/laplace_marginal_lpdf_moto_test.cpp:252: Skipped
[  INFO    ] Skipping test for hessian of size 266 with hessian block size of 3
[  SKIPPED ] laplace_motorcyle_gp_test.gp_motorcycle2_val/solver_2_block_3_linesearch_1000 (2 ms)
[ RUN      ] laplace_motorcyle_gp_test.gp_motorcycle2_val/solver_3_block_1_linesearch_0
test/unit/math/laplace/laplace_marginal_lpdf_moto_test.cpp:253: Skipped
[  INFO    ] Skipping test for zero line search steps.
[  SKIPPED ] laplace_motorcyle_gp_test.gp_motorcycle2_val/solver_3_block_1_linesearch_0 (2 ms)
[ RUN      ] laplace_motorcyle_gp_test.gp_motorcycle2_val/solver_3_block_1_linesearch_1000
[ WARN_MSG ]  (count: 1):   action:     trying solver 3 (General LU solver)
[ WARN_MSG ]  (count: 1):   reason:     laplace_marginal_density: Cholesky decomposition failed on Hessian matrix B after attempting jitter values from 1e-10 to 1e-05. Matrix may not be positive definite.
[ WARN_MSG ]  (count: 1):   failed:     solver 2 (Covariance-root Cholesky)
[ WARN_MSG ]  (count: 1):   iteration:  0
[ WARN_MSG ]  (count: 1): [laplace_marginal_density] WARNING: solver fallback
[       OK ] laplace_motorcyle_gp_test.gp_motorcycle2_val/solver_3_block_1_linesearch_1000 (43 ms)
[ RUN      ] laplace_motorcyle_gp_test.gp_motorcycle2_val/solver_3_block_2_linesearch_0
test/unit/math/laplace/laplace_marginal_lpdf_moto_test.cpp:253: Skipped
[  INFO    ] Skipping test for zero line search steps.
[  SKIPPED ] laplace_motorcyle_gp_test.gp_motorcycle2_val/solver_3_block_2_linesearch_0 (2 ms)
[ RUN      ] laplace_motorcyle_gp_test.gp_motorcycle2_val/solver_3_block_2_linesearch_1000
[       OK ] laplace_motorcyle_gp_test.gp_motorcycle2_val/solver_3_block_2_linesearch_1000 (46 ms)
[ RUN      ] laplace_motorcyle_gp_test.gp_motorcycle2_val/solver_3_block_3_linesearch_0
test/unit/math/laplace/laplace_marginal_lpdf_moto_test.cpp:252: Skipped
[  INFO    ] Skipping test for hessian of size 266 with hessian block size of 3
[  SKIPPED ] laplace_motorcyle_gp_test.gp_motorcycle2_val/solver_3_block_3_linesearch_0 (2 ms)
[ RUN      ] laplace_motorcyle_gp_test.gp_motorcycle2_val/solver_3_block_3_linesearch_1000
test/unit/math/laplace/laplace_marginal_lpdf_moto_test.cpp:252: Skipped
[  INFO    ] Skipping test for hessian of size 266 with hessian block size of 3
[  SKIPPED ] laplace_motorcyle_gp_test.gp_motorcycle2_val/solver_3_block_3_linesearch_1000 (1 ms)
[ RUN      ] laplace_motorcyle_gp_test.gp_motorcycle2_ad/solver_1_block_1_linesearch_0
test/unit/math/laplace/laplace_marginal_lpdf_moto_test.cpp:281: Skipped
[  INFO    ] Skipping test for zero line search steps.
[  SKIPPED ] laplace_motorcyle_gp_test.gp_motorcycle2_ad/solver_1_block_1_linesearch_0 (2 ms)
[ RUN      ] laplace_motorcyle_gp_test.gp_motorcycle2_ad/solver_1_block_1_linesearch_1000
[ WARN_MSG ]  (count: 155):   action:     trying solver 3 (General LU solver)
[ WARN_MSG ]  (count: 155):   reason:     laplace_marginal_density: Cholesky decomposition failed on Hessian matrix B after attempting jitter values from 1e-10 to 1e-05. Matrix may not be positive definite.
[ WARN_MSG ]  (count: 155):   failed:     solver 2 (Covariance-root Cholesky)
[ WARN_MSG ]  (count: 155):   iteration:  1
[ WARN_MSG ]  (count: 155):   action:     trying solver 2 (Covariance-root Cholesky)
[ WARN_MSG ]  (count: 155):   reason:     laplace_marginal_density: Hessian matrix is not positive definite
[ WARN_MSG ]  (count: 155):   iteration:  0
[ WARN_MSG ]  (count: 155):   failed:     solver 1 (Diagonal Hessian-root Cholesky)
[ WARN_MSG ]  (count: 310): [laplace_marginal_density] WARNING: solver fallback
[       OK ] laplace_motorcyle_gp_test.gp_motorcycle2_ad/solver_1_block_1_linesearch_1000 (6688 ms)
[ RUN      ] laplace_motorcyle_gp_test.gp_motorcycle2_ad/solver_1_block_2_linesearch_0
test/unit/math/laplace/laplace_marginal_lpdf_moto_test.cpp:281: Skipped
[  INFO    ] Skipping test for zero line search steps.
[  SKIPPED ] laplace_motorcyle_gp_test.gp_motorcycle2_ad/solver_1_block_2_linesearch_0 (2 ms)
[ RUN      ] laplace_motorcyle_gp_test.gp_motorcycle2_ad/solver_1_block_2_linesearch_1000
[ WARN_MSG ]  (count: 155):   action:     trying solver 2 (Covariance-root Cholesky)
[ WARN_MSG ]  (count: 155):   reason:     Error in block_matrix_sqrt: values less than 0 detected in block diagonal's schur decomposition starting at (21, 21)
[ WARN_MSG ]  (count: 155):   failed:     solver 1 (Block Hessian-root Cholesky)
[ WARN_MSG ]  (count: 155):   iteration:  0
[ WARN_MSG ]  (count: 155): [laplace_marginal_density] WARNING: solver fallback
[       OK ] laplace_motorcyle_gp_test.gp_motorcycle2_ad/solver_1_block_2_linesearch_1000 (7222 ms)
[ RUN      ] laplace_motorcyle_gp_test.gp_motorcycle2_ad/solver_1_block_3_linesearch_0
test/unit/math/laplace/laplace_marginal_lpdf_moto_test.cpp:280: Skipped
[  INFO    ] Skipping test for hessian of size 266 with hessian block size of 3
[  SKIPPED ] laplace_motorcyle_gp_test.gp_motorcycle2_ad/solver_1_block_3_linesearch_0 (2 ms)
[ RUN      ] laplace_motorcyle_gp_test.gp_motorcycle2_ad/solver_1_block_3_linesearch_1000
test/unit/math/laplace/laplace_marginal_lpdf_moto_test.cpp:280: Skipped
[  INFO    ] Skipping test for hessian of size 266 with hessian block size of 3
[  SKIPPED ] laplace_motorcyle_gp_test.gp_motorcycle2_ad/solver_1_block_3_linesearch_1000 (1 ms)
[ RUN      ] laplace_motorcyle_gp_test.gp_motorcycle2_ad/solver_2_block_1_linesearch_0
test/unit/math/laplace/laplace_marginal_lpdf_moto_test.cpp:281: Skipped
[  INFO    ] Skipping test for zero line search steps.
[  SKIPPED ] laplace_motorcyle_gp_test.gp_motorcycle2_ad/solver_2_block_1_linesearch_0 (2 ms)
[ RUN      ] laplace_motorcyle_gp_test.gp_motorcycle2_ad/solver_2_block_1_linesearch_1000
[ WARN_MSG ]  (count: 155):   action:     trying solver 3 (General LU solver)
[ WARN_MSG ]  (count: 155):   reason:     laplace_marginal_density: Cholesky decomposition failed on Hessian matrix B after attempting jitter values from 1e-10 to 1e-05. Matrix may not be positive definite.
[ WARN_MSG ]  (count: 155):   failed:     solver 2 (Covariance-root Cholesky)
[ WARN_MSG ]  (count: 155):   iteration:  1
[ WARN_MSG ]  (count: 155): [laplace_marginal_density] WARNING: solver fallback
[       OK ] laplace_motorcyle_gp_test.gp_motorcycle2_ad/solver_2_block_1_linesearch_1000 (6805 ms)
[ RUN      ] laplace_motorcyle_gp_test.gp_motorcycle2_ad/solver_2_block_2_linesearch_0
test/unit/math/laplace/laplace_marginal_lpdf_moto_test.cpp:281: Skipped
[  INFO    ] Skipping test for zero line search steps.
[  SKIPPED ] laplace_motorcyle_gp_test.gp_motorcycle2_ad/solver_2_block_2_linesearch_0 (2 ms)
[ RUN      ] laplace_motorcyle_gp_test.gp_motorcycle2_ad/solver_2_block_2_linesearch_1000
[       OK ] laplace_motorcyle_gp_test.gp_motorcycle2_ad/solver_2_block_2_linesearch_1000 (7332 ms)
[ RUN      ] laplace_motorcyle_gp_test.gp_motorcycle2_ad/solver_2_block_3_linesearch_0
test/unit/math/laplace/laplace_marginal_lpdf_moto_test.cpp:280: Skipped
[  INFO    ] Skipping test for hessian of size 266 with hessian block size of 3
[  SKIPPED ] laplace_motorcyle_gp_test.gp_motorcycle2_ad/solver_2_block_3_linesearch_0 (2 ms)
[ RUN      ] laplace_motorcyle_gp_test.gp_motorcycle2_ad/solver_2_block_3_linesearch_1000
test/unit/math/laplace/laplace_marginal_lpdf_moto_test.cpp:280: Skipped
[  INFO    ] Skipping test for hessian of size 266 with hessian block size of 3
[  SKIPPED ] laplace_motorcyle_gp_test.gp_motorcycle2_ad/solver_2_block_3_linesearch_1000 (2 ms)
[ RUN      ] laplace_motorcyle_gp_test.gp_motorcycle2_ad/solver_3_block_1_linesearch_0
test/unit/math/laplace/laplace_marginal_lpdf_moto_test.cpp:281: Skipped
[  INFO    ] Skipping test for zero line search steps.
[  SKIPPED ] laplace_motorcyle_gp_test.gp_motorcycle2_ad/solver_3_block_1_linesearch_0 (1 ms)
[ RUN      ] laplace_motorcyle_gp_test.gp_motorcycle2_ad/solver_3_block_1_linesearch_1000
[ WARN_MSG ]  (count: 155):   action:     trying solver 3 (General LU solver)
[ WARN_MSG ]  (count: 155):   reason:     laplace_marginal_density: Cholesky decomposition failed on Hessian matrix B after attempting jitter values from 1e-10 to 1e-05. Matrix may not be positive definite.
[ WARN_MSG ]  (count: 155):   failed:     solver 2 (Covariance-root Cholesky)
[ WARN_MSG ]  (count: 155):   iteration:  1
[ WARN_MSG ]  (count: 155): [laplace_marginal_density] WARNING: solver fallback
[       OK ] laplace_motorcyle_gp_test.gp_motorcycle2_ad/solver_3_block_1_linesearch_1000 (6708 ms)
[ RUN      ] laplace_motorcyle_gp_test.gp_motorcycle2_ad/solver_3_block_2_linesearch_0
test/unit/math/laplace/laplace_marginal_lpdf_moto_test.cpp:281: Skipped
[  INFO    ] Skipping test for zero line search steps.
[  SKIPPED ] laplace_motorcyle_gp_test.gp_motorcycle2_ad/solver_3_block_2_linesearch_0 (2 ms)
[ RUN      ] laplace_motorcyle_gp_test.gp_motorcycle2_ad/solver_3_block_2_linesearch_1000
[       OK ] laplace_motorcyle_gp_test.gp_motorcycle2_ad/solver_3_block_2_linesearch_1000 (7258 ms)
[ RUN      ] laplace_motorcyle_gp_test.gp_motorcycle2_ad/solver_3_block_3_linesearch_0
test/unit/math/laplace/laplace_marginal_lpdf_moto_test.cpp:280: Skipped
[  INFO    ] Skipping test for hessian of size 266 with hessian block size of 3
[  SKIPPED ] laplace_motorcyle_gp_test.gp_motorcycle2_ad/solver_3_block_3_linesearch_0 (2 ms)
[ RUN      ] laplace_motorcyle_gp_test.gp_motorcycle2_ad/solver_3_block_3_linesearch_1000
test/unit/math/laplace/laplace_marginal_lpdf_moto_test.cpp:280: Skipped
[  INFO    ] Skipping test for hessian of size 266 with hessian block size of 3
[  SKIPPED ] laplace_motorcyle_gp_test.gp_motorcycle2_ad/solver_3_block_3_linesearch_1000 (1 ms)
[----------] 72 tests from laplace_motorcyle_gp_test (54231 ms total)

[----------] Global test environment tear-down
[==========] 72 tests from 1 test suite ran. (54231 ms total)
[  PASSED  ] 24 tests.
[  SKIPPED ] 48 tests, listed below:
[  SKIPPED ] laplace_motorcyle_gp_test.gp_motorcycle_val/solver_1_block_1_linesearch_0
[  SKIPPED ] laplace_motorcyle_gp_test.gp_motorcycle_val/solver_1_block_2_linesearch_0
[  SKIPPED ] laplace_motorcyle_gp_test.gp_motorcycle_val/solver_1_block_3_linesearch_0
[  SKIPPED ] laplace_motorcyle_gp_test.gp_motorcycle_val/solver_1_block_3_linesearch_1000
[  SKIPPED ] laplace_motorcyle_gp_test.gp_motorcycle_val/solver_2_block_1_linesearch_0
[  SKIPPED ] laplace_motorcyle_gp_test.gp_motorcycle_val/solver_2_block_2_linesearch_0
[  SKIPPED ] laplace_motorcyle_gp_test.gp_motorcycle_val/solver_2_block_3_linesearch_0
[  SKIPPED ] laplace_motorcyle_gp_test.gp_motorcycle_val/solver_2_block_3_linesearch_1000
[  SKIPPED ] laplace_motorcyle_gp_test.gp_motorcycle_val/solver_3_block_1_linesearch_0
[  SKIPPED ] laplace_motorcyle_gp_test.gp_motorcycle_val/solver_3_block_2_linesearch_0
[  SKIPPED ] laplace_motorcyle_gp_test.gp_motorcycle_val/solver_3_block_3_linesearch_0
[  SKIPPED ] laplace_motorcyle_gp_test.gp_motorcycle_val/solver_3_block_3_linesearch_1000
[  SKIPPED ] laplace_motorcyle_gp_test.gp_motorcycle_ad/solver_1_block_1_linesearch_0
[  SKIPPED ] laplace_motorcyle_gp_test.gp_motorcycle_ad/solver_1_block_2_linesearch_0
[  SKIPPED ] laplace_motorcyle_gp_test.gp_motorcycle_ad/solver_1_block_3_linesearch_0
[  SKIPPED ] laplace_motorcyle_gp_test.gp_motorcycle_ad/solver_1_block_3_linesearch_1000
[  SKIPPED ] laplace_motorcyle_gp_test.gp_motorcycle_ad/solver_2_block_1_linesearch_0
[  SKIPPED ] laplace_motorcyle_gp_test.gp_motorcycle_ad/solver_2_block_2_linesearch_0
[  SKIPPED ] laplace_motorcyle_gp_test.gp_motorcycle_ad/solver_2_block_3_linesearch_0
[  SKIPPED ] laplace_motorcyle_gp_test.gp_motorcycle_ad/solver_2_block_3_linesearch_1000
[  SKIPPED ] laplace_motorcyle_gp_test.gp_motorcycle_ad/solver_3_block_1_linesearch_0
[  SKIPPED ] laplace_motorcyle_gp_test.gp_motorcycle_ad/solver_3_block_2_linesearch_0
[  SKIPPED ] laplace_motorcyle_gp_test.gp_motorcycle_ad/solver_3_block_3_linesearch_0
[  SKIPPED ] laplace_motorcyle_gp_test.gp_motorcycle_ad/solver_3_block_3_linesearch_1000
[  SKIPPED ] laplace_motorcyle_gp_test.gp_motorcycle2_val/solver_1_block_1_linesearch_0
[  SKIPPED ] laplace_motorcyle_gp_test.gp_motorcycle2_val/solver_1_block_2_linesearch_0
[  SKIPPED ] laplace_motorcyle_gp_test.gp_motorcycle2_val/solver_1_block_3_linesearch_0
[  SKIPPED ] laplace_motorcyle_gp_test.gp_motorcycle2_val/solver_1_block_3_linesearch_1000
[  SKIPPED ] laplace_motorcyle_gp_test.gp_motorcycle2_val/solver_2_block_1_linesearch_0
[  SKIPPED ] laplace_motorcyle_gp_test.gp_motorcycle2_val/solver_2_block_2_linesearch_0
[  SKIPPED ] laplace_motorcyle_gp_test.gp_motorcycle2_val/solver_2_block_3_linesearch_0
[  SKIPPED ] laplace_motorcyle_gp_test.gp_motorcycle2_val/solver_2_block_3_linesearch_1000
[  SKIPPED ] laplace_motorcyle_gp_test.gp_motorcycle2_val/solver_3_block_1_linesearch_0
[  SKIPPED ] laplace_motorcyle_gp_test.gp_motorcycle2_val/solver_3_block_2_linesearch_0
[  SKIPPED ] laplace_motorcyle_gp_test.gp_motorcycle2_val/solver_3_block_3_linesearch_0
[  SKIPPED ] laplace_motorcyle_gp_test.gp_motorcycle2_val/solver_3_block_3_linesearch_1000
[  SKIPPED ] laplace_motorcyle_gp_test.gp_motorcycle2_ad/solver_1_block_1_linesearch_0
[  SKIPPED ] laplace_motorcyle_gp_test.gp_motorcycle2_ad/solver_1_block_2_linesearch_0
[  SKIPPED ] laplace_motorcyle_gp_test.gp_motorcycle2_ad/solver_1_block_3_linesearch_0
[  SKIPPED ] laplace_motorcyle_gp_test.gp_motorcycle2_ad/solver_1_block_3_linesearch_1000
[  SKIPPED ] laplace_motorcyle_gp_test.gp_motorcycle2_ad/solver_2_block_1_linesearch_0
[  SKIPPED ] laplace_motorcyle_gp_test.gp_motorcycle2_ad/solver_2_block_2_linesearch_0
[  SKIPPED ] laplace_motorcyle_gp_test.gp_motorcycle2_ad/solver_2_block_3_linesearch_0
[  SKIPPED ] laplace_motorcyle_gp_test.gp_motorcycle2_ad/solver_2_block_3_linesearch_1000
[  SKIPPED ] laplace_motorcyle_gp_test.gp_motorcycle2_ad/solver_3_block_1_linesearch_0
[  SKIPPED ] laplace_motorcyle_gp_test.gp_motorcycle2_ad/solver_3_block_2_linesearch_0
[  SKIPPED ] laplace_motorcyle_gp_test.gp_motorcycle2_ad/solver_3_block_3_linesearch_0
[  SKIPPED ] laplace_motorcyle_gp_test.gp_motorcycle2_ad/solver_3_block_3_linesearch_1000
Running main() from lib/benchmark_1.5.1/googletest/googletest/src/gtest_main.cc
[==========] Running 54 tests from 2 test suites.
[----------] Global test environment set-up.
[----------] 36 tests from laplace_marginal_lpdf
[ RUN      ] laplace_marginal_lpdf.poisson_log_phi_dim_2/solver_1_block_1_linesearch_0
test/unit/math/laplace/laplace_marginal_lpdf_test.cpp:53: Skipped
[  INFO    ] Skipping test for zero line search steps.
[  SKIPPED ] laplace_marginal_lpdf.poisson_log_phi_dim_2/solver_1_block_1_linesearch_0 (0 ms)
[ RUN      ] laplace_marginal_lpdf.poisson_log_phi_dim_2/solver_1_block_1_linesearch_1000
[       OK ] laplace_marginal_lpdf.poisson_log_phi_dim_2/solver_1_block_1_linesearch_1000 (8 ms)
[ RUN      ] laplace_marginal_lpdf.poisson_log_phi_dim_2/solver_1_block_2_linesearch_0
test/unit/math/laplace/laplace_marginal_lpdf_test.cpp:53: Skipped
[  INFO    ] Skipping test for zero line search steps.
[  SKIPPED ] laplace_marginal_lpdf.poisson_log_phi_dim_2/solver_1_block_2_linesearch_0 (0 ms)
[ RUN      ] laplace_marginal_lpdf.poisson_log_phi_dim_2/solver_1_block_2_linesearch_1000
[       OK ] laplace_marginal_lpdf.poisson_log_phi_dim_2/solver_1_block_2_linesearch_1000 (7 ms)
[ RUN      ] laplace_marginal_lpdf.poisson_log_phi_dim_2/solver_1_block_3_linesearch_0
test/unit/math/laplace/laplace_marginal_lpdf_test.cpp:52: Skipped
[  INFO    ] Skipping test for hessian of size 2 with hessian block size of 3
[  SKIPPED ] laplace_marginal_lpdf.poisson_log_phi_dim_2/solver_1_block_3_linesearch_0 (0 ms)
[ RUN      ] laplace_marginal_lpdf.poisson_log_phi_dim_2/solver_1_block_3_linesearch_1000
test/unit/math/laplace/laplace_marginal_lpdf_test.cpp:52: Skipped
[  INFO    ] Skipping test for hessian of size 2 with hessian block size of 3
[  SKIPPED ] laplace_marginal_lpdf.poisson_log_phi_dim_2/solver_1_block_3_linesearch_1000 (0 ms)
[ RUN      ] laplace_marginal_lpdf.poisson_log_phi_dim_2/solver_2_block_1_linesearch_0
test/unit/math/laplace/laplace_marginal_lpdf_test.cpp:53: Skipped
[  INFO    ] Skipping test for zero line search steps.
[  SKIPPED ] laplace_marginal_lpdf.poisson_log_phi_dim_2/solver_2_block_1_linesearch_0 (0 ms)
[ RUN      ] laplace_marginal_lpdf.poisson_log_phi_dim_2/solver_2_block_1_linesearch_1000
[       OK ] laplace_marginal_lpdf.poisson_log_phi_dim_2/solver_2_block_1_linesearch_1000 (5 ms)
[ RUN      ] laplace_marginal_lpdf.poisson_log_phi_dim_2/solver_2_block_2_linesearch_0
test/unit/math/laplace/laplace_marginal_lpdf_test.cpp:53: Skipped
[  INFO    ] Skipping test for zero line search steps.
[  SKIPPED ] laplace_marginal_lpdf.poisson_log_phi_dim_2/solver_2_block_2_linesearch_0 (0 ms)
[ RUN      ] laplace_marginal_lpdf.poisson_log_phi_dim_2/solver_2_block_2_linesearch_1000
[       OK ] laplace_marginal_lpdf.poisson_log_phi_dim_2/solver_2_block_2_linesearch_1000 (4 ms)
[ RUN      ] laplace_marginal_lpdf.poisson_log_phi_dim_2/solver_2_block_3_linesearch_0
test/unit/math/laplace/laplace_marginal_lpdf_test.cpp:52: Skipped
[  INFO    ] Skipping test for hessian of size 2 with hessian block size of 3
[  SKIPPED ] laplace_marginal_lpdf.poisson_log_phi_dim_2/solver_2_block_3_linesearch_0 (0 ms)
[ RUN      ] laplace_marginal_lpdf.poisson_log_phi_dim_2/solver_2_block_3_linesearch_1000
test/unit/math/laplace/laplace_marginal_lpdf_test.cpp:52: Skipped
[  INFO    ] Skipping test for hessian of size 2 with hessian block size of 3
[  SKIPPED ] laplace_marginal_lpdf.poisson_log_phi_dim_2/solver_2_block_3_linesearch_1000 (0 ms)
[ RUN      ] laplace_marginal_lpdf.poisson_log_phi_dim_2/solver_3_block_1_linesearch_0
test/unit/math/laplace/laplace_marginal_lpdf_test.cpp:53: Skipped
[  INFO    ] Skipping test for zero line search steps.
[  SKIPPED ] laplace_marginal_lpdf.poisson_log_phi_dim_2/solver_3_block_1_linesearch_0 (0 ms)
[ RUN      ] laplace_marginal_lpdf.poisson_log_phi_dim_2/solver_3_block_1_linesearch_1000
[       OK ] laplace_marginal_lpdf.poisson_log_phi_dim_2/solver_3_block_1_linesearch_1000 (3 ms)
[ RUN      ] laplace_marginal_lpdf.poisson_log_phi_dim_2/solver_3_block_2_linesearch_0
test/unit/math/laplace/laplace_marginal_lpdf_test.cpp:53: Skipped
[  INFO    ] Skipping test for zero line search steps.
[  SKIPPED ] laplace_marginal_lpdf.poisson_log_phi_dim_2/solver_3_block_2_linesearch_0 (0 ms)
[ RUN      ] laplace_marginal_lpdf.poisson_log_phi_dim_2/solver_3_block_2_linesearch_1000
[       OK ] laplace_marginal_lpdf.poisson_log_phi_dim_2/solver_3_block_2_linesearch_1000 (3 ms)
[ RUN      ] laplace_marginal_lpdf.poisson_log_phi_dim_2/solver_3_block_3_linesearch_0
test/unit/math/laplace/laplace_marginal_lpdf_test.cpp:52: Skipped
[  INFO    ] Skipping test for hessian of size 2 with hessian block size of 3
[  SKIPPED ] laplace_marginal_lpdf.poisson_log_phi_dim_2/solver_3_block_3_linesearch_0 (0 ms)
[ RUN      ] laplace_marginal_lpdf.poisson_log_phi_dim_2/solver_3_block_3_linesearch_1000
test/unit/math/laplace/laplace_marginal_lpdf_test.cpp:52: Skipped
[  INFO    ] Skipping test for hessian of size 2 with hessian block size of 3
[  SKIPPED ] laplace_marginal_lpdf.poisson_log_phi_dim_2/solver_3_block_3_linesearch_1000 (0 ms)
[ RUN      ] laplace_marginal_lpdf.bernoulli_logit_phi_dim500/solver_1_block_1_linesearch_0
test/unit/math/laplace/laplace_marginal_lpdf_test.cpp:200: Skipped
[  INFO    ] Skipping test for zero line search steps.
[  SKIPPED ] laplace_marginal_lpdf.bernoulli_logit_phi_dim500/solver_1_block_1_linesearch_0 (0 ms)
[ RUN      ] laplace_marginal_lpdf.bernoulli_logit_phi_dim500/solver_1_block_1_linesearch_1000
[       OK ] laplace_marginal_lpdf.bernoulli_logit_phi_dim500/solver_1_block_1_linesearch_1000 (1372 ms)
[ RUN      ] laplace_marginal_lpdf.bernoulli_logit_phi_dim500/solver_1_block_2_linesearch_0
test/unit/math/laplace/laplace_marginal_lpdf_test.cpp:200: Skipped
[  INFO    ] Skipping test for zero line search steps.
[  SKIPPED ] laplace_marginal_lpdf.bernoulli_logit_phi_dim500/solver_1_block_2_linesearch_0 (0 ms)
[ RUN      ] laplace_marginal_lpdf.bernoulli_logit_phi_dim500/solver_1_block_2_linesearch_1000
[       OK ] laplace_marginal_lpdf.bernoulli_logit_phi_dim500/solver_1_block_2_linesearch_1000 (1754 ms)
[ RUN      ] laplace_marginal_lpdf.bernoulli_logit_phi_dim500/solver_1_block_3_linesearch_0
test/unit/math/laplace/laplace_marginal_lpdf_test.cpp:199: Skipped
[  INFO    ] Skipping test for hessian of size 500 with hessian block size of 3
[  SKIPPED ] laplace_marginal_lpdf.bernoulli_logit_phi_dim500/solver_1_block_3_linesearch_0 (0 ms)
[ RUN      ] laplace_marginal_lpdf.bernoulli_logit_phi_dim500/solver_1_block_3_linesearch_1000
test/unit/math/laplace/laplace_marginal_lpdf_test.cpp:199: Skipped
[  INFO    ] Skipping test for hessian of size 500 with hessian block size of 3
[  SKIPPED ] laplace_marginal_lpdf.bernoulli_logit_phi_dim500/solver_1_block_3_linesearch_1000 (0 ms)
[ RUN      ] laplace_marginal_lpdf.bernoulli_logit_phi_dim500/solver_2_block_1_linesearch_0
test/unit/math/laplace/laplace_marginal_lpdf_test.cpp:200: Skipped
[  INFO    ] Skipping test for zero line search steps.
[  SKIPPED ] laplace_marginal_lpdf.bernoulli_logit_phi_dim500/solver_2_block_1_linesearch_0 (0 ms)
[ RUN      ] laplace_marginal_lpdf.bernoulli_logit_phi_dim500/solver_2_block_1_linesearch_1000
[       OK ] laplace_marginal_lpdf.bernoulli_logit_phi_dim500/solver_2_block_1_linesearch_1000 (3431 ms)
[ RUN      ] laplace_marginal_lpdf.bernoulli_logit_phi_dim500/solver_2_block_2_linesearch_0
test/unit/math/laplace/laplace_marginal_lpdf_test.cpp:200: Skipped
[  INFO    ] Skipping test for zero line search steps.
[  SKIPPED ] laplace_marginal_lpdf.bernoulli_logit_phi_dim500/solver_2_block_2_linesearch_0 (0 ms)
[ RUN      ] laplace_marginal_lpdf.bernoulli_logit_phi_dim500/solver_2_block_2_linesearch_1000
[       OK ] laplace_marginal_lpdf.bernoulli_logit_phi_dim500/solver_2_block_2_linesearch_1000 (3520 ms)
[ RUN      ] laplace_marginal_lpdf.bernoulli_logit_phi_dim500/solver_2_block_3_linesearch_0
test/unit/math/laplace/laplace_marginal_lpdf_test.cpp:199: Skipped
[  INFO    ] Skipping test for hessian of size 500 with hessian block size of 3
[  SKIPPED ] laplace_marginal_lpdf.bernoulli_logit_phi_dim500/solver_2_block_3_linesearch_0 (0 ms)
[ RUN      ] laplace_marginal_lpdf.bernoulli_logit_phi_dim500/solver_2_block_3_linesearch_1000
test/unit/math/laplace/laplace_marginal_lpdf_test.cpp:199: Skipped
[  INFO    ] Skipping test for hessian of size 500 with hessian block size of 3
[  SKIPPED ] laplace_marginal_lpdf.bernoulli_logit_phi_dim500/solver_2_block_3_linesearch_1000 (0 ms)
[ RUN      ] laplace_marginal_lpdf.bernoulli_logit_phi_dim500/solver_3_block_1_linesearch_0
test/unit/math/laplace/laplace_marginal_lpdf_test.cpp:200: Skipped
[  INFO    ] Skipping test for zero line search steps.
[  SKIPPED ] laplace_marginal_lpdf.bernoulli_logit_phi_dim500/solver_3_block_1_linesearch_0 (0 ms)
[ RUN      ] laplace_marginal_lpdf.bernoulli_logit_phi_dim500/solver_3_block_1_linesearch_1000
[       OK ] laplace_marginal_lpdf.bernoulli_logit_phi_dim500/solver_3_block_1_linesearch_1000 (3375 ms)
[ RUN      ] laplace_marginal_lpdf.bernoulli_logit_phi_dim500/solver_3_block_2_linesearch_0
test/unit/math/laplace/laplace_marginal_lpdf_test.cpp:200: Skipped
[  INFO    ] Skipping test for zero line search steps.
[  SKIPPED ] laplace_marginal_lpdf.bernoulli_logit_phi_dim500/solver_3_block_2_linesearch_0 (1 ms)
[ RUN      ] laplace_marginal_lpdf.bernoulli_logit_phi_dim500/solver_3_block_2_linesearch_1000
[       OK ] laplace_marginal_lpdf.bernoulli_logit_phi_dim500/solver_3_block_2_linesearch_1000 (3477 ms)
[ RUN      ] laplace_marginal_lpdf.bernoulli_logit_phi_dim500/solver_3_block_3_linesearch_0
test/unit/math/laplace/laplace_marginal_lpdf_test.cpp:199: Skipped
[  INFO    ] Skipping test for hessian of size 500 with hessian block size of 3
[  SKIPPED ] laplace_marginal_lpdf.bernoulli_logit_phi_dim500/solver_3_block_3_linesearch_0 (0 ms)
[ RUN      ] laplace_marginal_lpdf.bernoulli_logit_phi_dim500/solver_3_block_3_linesearch_1000
test/unit/math/laplace/laplace_marginal_lpdf_test.cpp:199: Skipped
[  INFO    ] Skipping test for hessian of size 500 with hessian block size of 3
[  SKIPPED ] laplace_marginal_lpdf.bernoulli_logit_phi_dim500/solver_3_block_3_linesearch_1000 (0 ms)
[----------] 36 tests from laplace_marginal_lpdf (16960 ms total)

[----------] 18 tests from laplace_disease_map_test
[ RUN      ] laplace_disease_map_test.laplace_marginal/solver_1_block_1_linesearch_0
test/unit/math/laplace/laplace_marginal_lpdf_test.cpp:130: Skipped
[  INFO    ] Skipping test for zero line search steps.
[  SKIPPED ] laplace_disease_map_test.laplace_marginal/solver_1_block_1_linesearch_0 (0 ms)
[ RUN      ] laplace_disease_map_test.laplace_marginal/solver_1_block_1_linesearch_1000
[       OK ] laplace_disease_map_test.laplace_marginal/solver_1_block_1_linesearch_1000 (2488 ms)
[ RUN      ] laplace_disease_map_test.laplace_marginal/solver_1_block_2_linesearch_0
test/unit/math/laplace/laplace_marginal_lpdf_test.cpp:129: Skipped
[  INFO    ] Skipping test for hessian of size 911 with hessian block size of 2
[  SKIPPED ] laplace_disease_map_test.laplace_marginal/solver_1_block_2_linesearch_0 (0 ms)
[ RUN      ] laplace_disease_map_test.laplace_marginal/solver_1_block_2_linesearch_1000
test/unit/math/laplace/laplace_marginal_lpdf_test.cpp:129: Skipped
[  INFO    ] Skipping test for hessian of size 911 with hessian block size of 2
[  SKIPPED ] laplace_disease_map_test.laplace_marginal/solver_1_block_2_linesearch_1000 (0 ms)
[ RUN      ] laplace_disease_map_test.laplace_marginal/solver_1_block_3_linesearch_0
test/unit/math/laplace/laplace_marginal_lpdf_test.cpp:129: Skipped
[  INFO    ] Skipping test for hessian of size 911 with hessian block size of 3
[  SKIPPED ] laplace_disease_map_test.laplace_marginal/solver_1_block_3_linesearch_0 (0 ms)
[ RUN      ] laplace_disease_map_test.laplace_marginal/solver_1_block_3_linesearch_1000
test/unit/math/laplace/laplace_marginal_lpdf_test.cpp:129: Skipped
[  INFO    ] Skipping test for hessian of size 911 with hessian block size of 3
[  SKIPPED ] laplace_disease_map_test.laplace_marginal/solver_1_block_3_linesearch_1000 (1 ms)
[ RUN      ] laplace_disease_map_test.laplace_marginal/solver_2_block_1_linesearch_0
test/unit/math/laplace/laplace_marginal_lpdf_test.cpp:130: Skipped
[  INFO    ] Skipping test for zero line search steps.
[  SKIPPED ] laplace_disease_map_test.laplace_marginal/solver_2_block_1_linesearch_0 (0 ms)
[ RUN      ] laplace_disease_map_test.laplace_marginal/solver_2_block_1_linesearch_1000
[       OK ] laplace_disease_map_test.laplace_marginal/solver_2_block_1_linesearch_1000 (7400 ms)
[ RUN      ] laplace_disease_map_test.laplace_marginal/solver_2_block_2_linesearch_0
test/unit/math/laplace/laplace_marginal_lpdf_test.cpp:129: Skipped
[  INFO    ] Skipping test for hessian of size 911 with hessian block size of 2
[  SKIPPED ] laplace_disease_map_test.laplace_marginal/solver_2_block_2_linesearch_0 (0 ms)
[ RUN      ] laplace_disease_map_test.laplace_marginal/solver_2_block_2_linesearch_1000
test/unit/math/laplace/laplace_marginal_lpdf_test.cpp:129: Skipped
[  INFO    ] Skipping test for hessian of size 911 with hessian block size of 2
[  SKIPPED ] laplace_disease_map_test.laplace_marginal/solver_2_block_2_linesearch_1000 (0 ms)
[ RUN      ] laplace_disease_map_test.laplace_marginal/solver_2_block_3_linesearch_0
test/unit/math/laplace/laplace_marginal_lpdf_test.cpp:129: Skipped
[  INFO    ] Skipping test for hessian of size 911 with hessian block size of 3
[  SKIPPED ] laplace_disease_map_test.laplace_marginal/solver_2_block_3_linesearch_0 (0 ms)
[ RUN      ] laplace_disease_map_test.laplace_marginal/solver_2_block_3_linesearch_1000
test/unit/math/laplace/laplace_marginal_lpdf_test.cpp:129: Skipped
[  INFO    ] Skipping test for hessian of size 911 with hessian block size of 3
[  SKIPPED ] laplace_disease_map_test.laplace_marginal/solver_2_block_3_linesearch_1000 (0 ms)
[ RUN      ] laplace_disease_map_test.laplace_marginal/solver_3_block_1_linesearch_0
test/unit/math/laplace/laplace_marginal_lpdf_test.cpp:130: Skipped
[  INFO    ] Skipping test for zero line search steps.
[  SKIPPED ] laplace_disease_map_test.laplace_marginal/solver_3_block_1_linesearch_0 (0 ms)
[ RUN      ] laplace_disease_map_test.laplace_marginal/solver_3_block_1_linesearch_1000
[       OK ] laplace_disease_map_test.laplace_marginal/solver_3_block_1_linesearch_1000 (7424 ms)
[ RUN      ] laplace_disease_map_test.laplace_marginal/solver_3_block_2_linesearch_0
test/unit/math/laplace/laplace_marginal_lpdf_test.cpp:129: Skipped
[  INFO    ] Skipping test for hessian of size 911 with hessian block size of 2
[  SKIPPED ] laplace_disease_map_test.laplace_marginal/solver_3_block_2_linesearch_0 (0 ms)
[ RUN      ] laplace_disease_map_test.laplace_marginal/solver_3_block_2_linesearch_1000
test/unit/math/laplace/laplace_marginal_lpdf_test.cpp:129: Skipped
[  INFO    ] Skipping test for hessian of size 911 with hessian block size of 2
[  SKIPPED ] laplace_disease_map_test.laplace_marginal/solver_3_block_2_linesearch_1000 (0 ms)
[ RUN      ] laplace_disease_map_test.laplace_marginal/solver_3_block_3_linesearch_0
test/unit/math/laplace/laplace_marginal_lpdf_test.cpp:129: Skipped
[  INFO    ] Skipping test for hessian of size 911 with hessian block size of 3
[  SKIPPED ] laplace_disease_map_test.laplace_marginal/solver_3_block_3_linesearch_0 (0 ms)
[ RUN      ] laplace_disease_map_test.laplace_marginal/solver_3_block_3_linesearch_1000
test/unit/math/laplace/laplace_marginal_lpdf_test.cpp:129: Skipped
[  INFO    ] Skipping test for hessian of size 911 with hessian block size of 3
[  SKIPPED ] laplace_disease_map_test.laplace_marginal/solver_3_block_3_linesearch_1000 (0 ms)
[----------] 18 tests from laplace_disease_map_test (17313 ms total)

[----------] Global test environment tear-down
[==========] 54 tests from 2 test suites ran. (34273 ms total)
[  PASSED  ] 15 tests.
[  SKIPPED ] 39 tests, listed below:
[  SKIPPED ] laplace_marginal_lpdf.poisson_log_phi_dim_2/solver_1_block_1_linesearch_0
[  SKIPPED ] laplace_marginal_lpdf.poisson_log_phi_dim_2/solver_1_block_2_linesearch_0
[  SKIPPED ] laplace_marginal_lpdf.poisson_log_phi_dim_2/solver_1_block_3_linesearch_0
[  SKIPPED ] laplace_marginal_lpdf.poisson_log_phi_dim_2/solver_1_block_3_linesearch_1000
[  SKIPPED ] laplace_marginal_lpdf.poisson_log_phi_dim_2/solver_2_block_1_linesearch_0
[  SKIPPED ] laplace_marginal_lpdf.poisson_log_phi_dim_2/solver_2_block_2_linesearch_0
[  SKIPPED ] laplace_marginal_lpdf.poisson_log_phi_dim_2/solver_2_block_3_linesearch_0
[  SKIPPED ] laplace_marginal_lpdf.poisson_log_phi_dim_2/solver_2_block_3_linesearch_1000
[  SKIPPED ] laplace_marginal_lpdf.poisson_log_phi_dim_2/solver_3_block_1_linesearch_0
[  SKIPPED ] laplace_marginal_lpdf.poisson_log_phi_dim_2/solver_3_block_2_linesearch_0
[  SKIPPED ] laplace_marginal_lpdf.poisson_log_phi_dim_2/solver_3_block_3_linesearch_0
[  SKIPPED ] laplace_marginal_lpdf.poisson_log_phi_dim_2/solver_3_block_3_linesearch_1000
[  SKIPPED ] laplace_marginal_lpdf.bernoulli_logit_phi_dim500/solver_1_block_1_linesearch_0
[  SKIPPED ] laplace_marginal_lpdf.bernoulli_logit_phi_dim500/solver_1_block_2_linesearch_0
[  SKIPPED ] laplace_marginal_lpdf.bernoulli_logit_phi_dim500/solver_1_block_3_linesearch_0
[  SKIPPED ] laplace_marginal_lpdf.bernoulli_logit_phi_dim500/solver_1_block_3_linesearch_1000
[  SKIPPED ] laplace_marginal_lpdf.bernoulli_logit_phi_dim500/solver_2_block_1_linesearch_0
[  SKIPPED ] laplace_marginal_lpdf.bernoulli_logit_phi_dim500/solver_2_block_2_linesearch_0
[  SKIPPED ] laplace_marginal_lpdf.bernoulli_logit_phi_dim500/solver_2_block_3_linesearch_0
[  SKIPPED ] laplace_marginal_lpdf.bernoulli_logit_phi_dim500/solver_2_block_3_linesearch_1000
[  SKIPPED ] laplace_marginal_lpdf.bernoulli_logit_phi_dim500/solver_3_block_1_linesearch_0
[  SKIPPED ] laplace_marginal_lpdf.bernoulli_logit_phi_dim500/solver_3_block_2_linesearch_0
[  SKIPPED ] laplace_marginal_lpdf.bernoulli_logit_phi_dim500/solver_3_block_3_linesearch_0
[  SKIPPED ] laplace_marginal_lpdf.bernoulli_logit_phi_dim500/solver_3_block_3_linesearch_1000
[  SKIPPED ] laplace_disease_map_test.laplace_marginal/solver_1_block_1_linesearch_0
[  SKIPPED ] laplace_disease_map_test.laplace_marginal/solver_1_block_2_linesearch_0
[  SKIPPED ] laplace_disease_map_test.laplace_marginal/solver_1_block_2_linesearch_1000
[  SKIPPED ] laplace_disease_map_test.laplace_marginal/solver_1_block_3_linesearch_0
[  SKIPPED ] laplace_disease_map_test.laplace_marginal/solver_1_block_3_linesearch_1000
[  SKIPPED ] laplace_disease_map_test.laplace_marginal/solver_2_block_1_linesearch_0
[  SKIPPED ] laplace_disease_map_test.laplace_marginal/solver_2_block_2_linesearch_0
[  SKIPPED ] laplace_disease_map_test.laplace_marginal/solver_2_block_2_linesearch_1000
[  SKIPPED ] laplace_disease_map_test.laplace_marginal/solver_2_block_3_linesearch_0
[  SKIPPED ] laplace_disease_map_test.laplace_marginal/solver_2_block_3_linesearch_1000
[  SKIPPED ] laplace_disease_map_test.laplace_marginal/solver_3_block_1_linesearch_0
[  SKIPPED ] laplace_disease_map_test.laplace_marginal/solver_3_block_2_linesearch_0
[  SKIPPED ] laplace_disease_map_test.laplace_marginal/solver_3_block_2_linesearch_1000
[  SKIPPED ] laplace_disease_map_test.laplace_marginal/solver_3_block_3_linesearch_0
[  SKIPPED ] laplace_disease_map_test.laplace_marginal/solver_3_block_3_linesearch_1000
Running main() from lib/benchmark_1.5.1/googletest/googletest/src/gtest_main.cc
[==========] Running 36 tests from 2 test suites.
[----------] Global test environment set-up.
[----------] 18 tests from laplace_marginal_neg_binomial_log_lpmf
[ RUN      ] laplace_marginal_neg_binomial_log_lpmf.phi_dim_2/solver_1_block_1_linesearch_0
test/unit/math/laplace/laplace_marginal_neg_binomial_log_lpmf_test.cpp:39: Skipped
[  INFO    ] Skipping test for zero line search steps.
[  SKIPPED ] laplace_marginal_neg_binomial_log_lpmf.phi_dim_2/solver_1_block_1_linesearch_0 (0 ms)
[ RUN      ] laplace_marginal_neg_binomial_log_lpmf.phi_dim_2/solver_1_block_1_linesearch_1000
[       OK ] laplace_marginal_neg_binomial_log_lpmf.phi_dim_2/solver_1_block_1_linesearch_1000 (9 ms)
[ RUN      ] laplace_marginal_neg_binomial_log_lpmf.phi_dim_2/solver_1_block_2_linesearch_0
test/unit/math/laplace/laplace_marginal_neg_binomial_log_lpmf_test.cpp:39: Skipped
[  INFO    ] Skipping test for zero line search steps.
[  SKIPPED ] laplace_marginal_neg_binomial_log_lpmf.phi_dim_2/solver_1_block_2_linesearch_0 (0 ms)
[ RUN      ] laplace_marginal_neg_binomial_log_lpmf.phi_dim_2/solver_1_block_2_linesearch_1000
[       OK ] laplace_marginal_neg_binomial_log_lpmf.phi_dim_2/solver_1_block_2_linesearch_1000 (8 ms)
[ RUN      ] laplace_marginal_neg_binomial_log_lpmf.phi_dim_2/solver_1_block_3_linesearch_0
test/unit/math/laplace/laplace_marginal_neg_binomial_log_lpmf_test.cpp:38: Skipped
[  INFO    ] Skipping test for hessian of size 2 with hessian block size of 3
[  SKIPPED ] laplace_marginal_neg_binomial_log_lpmf.phi_dim_2/solver_1_block_3_linesearch_0 (0 ms)
[ RUN      ] laplace_marginal_neg_binomial_log_lpmf.phi_dim_2/solver_1_block_3_linesearch_1000
test/unit/math/laplace/laplace_marginal_neg_binomial_log_lpmf_test.cpp:38: Skipped
[  INFO    ] Skipping test for hessian of size 2 with hessian block size of 3
[  SKIPPED ] laplace_marginal_neg_binomial_log_lpmf.phi_dim_2/solver_1_block_3_linesearch_1000 (0 ms)
[ RUN      ] laplace_marginal_neg_binomial_log_lpmf.phi_dim_2/solver_2_block_1_linesearch_0
test/unit/math/laplace/laplace_marginal_neg_binomial_log_lpmf_test.cpp:39: Skipped
[  INFO    ] Skipping test for zero line search steps.
[  SKIPPED ] laplace_marginal_neg_binomial_log_lpmf.phi_dim_2/solver_2_block_1_linesearch_0 (0 ms)
[ RUN      ] laplace_marginal_neg_binomial_log_lpmf.phi_dim_2/solver_2_block_1_linesearch_1000
[       OK ] laplace_marginal_neg_binomial_log_lpmf.phi_dim_2/solver_2_block_1_linesearch_1000 (5 ms)
[ RUN      ] laplace_marginal_neg_binomial_log_lpmf.phi_dim_2/solver_2_block_2_linesearch_0
test/unit/math/laplace/laplace_marginal_neg_binomial_log_lpmf_test.cpp:39: Skipped
[  INFO    ] Skipping test for zero line search steps.
[  SKIPPED ] laplace_marginal_neg_binomial_log_lpmf.phi_dim_2/solver_2_block_2_linesearch_0 (0 ms)
[ RUN      ] laplace_marginal_neg_binomial_log_lpmf.phi_dim_2/solver_2_block_2_linesearch_1000
[       OK ] laplace_marginal_neg_binomial_log_lpmf.phi_dim_2/solver_2_block_2_linesearch_1000 (4 ms)
[ RUN      ] laplace_marginal_neg_binomial_log_lpmf.phi_dim_2/solver_2_block_3_linesearch_0
test/unit/math/laplace/laplace_marginal_neg_binomial_log_lpmf_test.cpp:38: Skipped
[  INFO    ] Skipping test for hessian of size 2 with hessian block size of 3
[  SKIPPED ] laplace_marginal_neg_binomial_log_lpmf.phi_dim_2/solver_2_block_3_linesearch_0 (0 ms)
[ RUN      ] laplace_marginal_neg_binomial_log_lpmf.phi_dim_2/solver_2_block_3_linesearch_1000
test/unit/math/laplace/laplace_marginal_neg_binomial_log_lpmf_test.cpp:38: Skipped
[  INFO    ] Skipping test for hessian of size 2 with hessian block size of 3
[  SKIPPED ] laplace_marginal_neg_binomial_log_lpmf.phi_dim_2/solver_2_block_3_linesearch_1000 (0 ms)
[ RUN      ] laplace_marginal_neg_binomial_log_lpmf.phi_dim_2/solver_3_block_1_linesearch_0
test/unit/math/laplace/laplace_marginal_neg_binomial_log_lpmf_test.cpp:39: Skipped
[  INFO    ] Skipping test for zero line search steps.
[  SKIPPED ] laplace_marginal_neg_binomial_log_lpmf.phi_dim_2/solver_3_block_1_linesearch_0 (0 ms)
[ RUN      ] laplace_marginal_neg_binomial_log_lpmf.phi_dim_2/solver_3_block_1_linesearch_1000
[       OK ] laplace_marginal_neg_binomial_log_lpmf.phi_dim_2/solver_3_block_1_linesearch_1000 (5 ms)
[ RUN      ] laplace_marginal_neg_binomial_log_lpmf.phi_dim_2/solver_3_block_2_linesearch_0
test/unit/math/laplace/laplace_marginal_neg_binomial_log_lpmf_test.cpp:39: Skipped
[  INFO    ] Skipping test for zero line search steps.
[  SKIPPED ] laplace_marginal_neg_binomial_log_lpmf.phi_dim_2/solver_3_block_2_linesearch_0 (0 ms)
[ RUN      ] laplace_marginal_neg_binomial_log_lpmf.phi_dim_2/solver_3_block_2_linesearch_1000
[       OK ] laplace_marginal_neg_binomial_log_lpmf.phi_dim_2/solver_3_block_2_linesearch_1000 (5 ms)
[ RUN      ] laplace_marginal_neg_binomial_log_lpmf.phi_dim_2/solver_3_block_3_linesearch_0
test/unit/math/laplace/laplace_marginal_neg_binomial_log_lpmf_test.cpp:38: Skipped
[  INFO    ] Skipping test for hessian of size 2 with hessian block size of 3
[  SKIPPED ] laplace_marginal_neg_binomial_log_lpmf.phi_dim_2/solver_3_block_3_linesearch_0 (0 ms)
[ RUN      ] laplace_marginal_neg_binomial_log_lpmf.phi_dim_2/solver_3_block_3_linesearch_1000
test/unit/math/laplace/laplace_marginal_neg_binomial_log_lpmf_test.cpp:38: Skipped
[  INFO    ] Skipping test for hessian of size 2 with hessian block size of 3
[  SKIPPED ] laplace_marginal_neg_binomial_log_lpmf.phi_dim_2/solver_3_block_3_linesearch_1000 (0 ms)
[----------] 18 tests from laplace_marginal_neg_binomial_log_lpmf (36 ms total)

[----------] 18 tests from laplace_disease_map_test
[ RUN      ] laplace_disease_map_test.laplace_marginal_neg_binomial_2_log_lpmf/solver_1_block_1_linesearch_0
test/unit/math/laplace/laplace_marginal_neg_binomial_log_lpmf_test.cpp:79: Skipped
[  INFO    ] Skipping test for zero line search steps.
[  SKIPPED ] laplace_disease_map_test.laplace_marginal_neg_binomial_2_log_lpmf/solver_1_block_1_linesearch_0 (0 ms)
[ RUN      ] laplace_disease_map_test.laplace_marginal_neg_binomial_2_log_lpmf/solver_1_block_1_linesearch_1000
[       OK ] laplace_disease_map_test.laplace_marginal_neg_binomial_2_log_lpmf/solver_1_block_1_linesearch_1000 (197947 ms)
[ RUN      ] laplace_disease_map_test.laplace_marginal_neg_binomial_2_log_lpmf/solver_1_block_2_linesearch_0
test/unit/math/laplace/laplace_marginal_neg_binomial_log_lpmf_test.cpp:78: Skipped
[  INFO    ] Skipping test for hessian of size 911 with hessian block size of 2
[  SKIPPED ] laplace_disease_map_test.laplace_marginal_neg_binomial_2_log_lpmf/solver_1_block_2_linesearch_0 (0 ms)
[ RUN      ] laplace_disease_map_test.laplace_marginal_neg_binomial_2_log_lpmf/solver_1_block_2_linesearch_1000
test/unit/math/laplace/laplace_marginal_neg_binomial_log_lpmf_test.cpp:78: Skipped
[  INFO    ] Skipping test for hessian of size 911 with hessian block size of 2
[  SKIPPED ] laplace_disease_map_test.laplace_marginal_neg_binomial_2_log_lpmf/solver_1_block_2_linesearch_1000 (0 ms)
[ RUN      ] laplace_disease_map_test.laplace_marginal_neg_binomial_2_log_lpmf/solver_1_block_3_linesearch_0
test/unit/math/laplace/laplace_marginal_neg_binomial_log_lpmf_test.cpp:78: Skipped
[  INFO    ] Skipping test for hessian of size 911 with hessian block size of 3
[  SKIPPED ] laplace_disease_map_test.laplace_marginal_neg_binomial_2_log_lpmf/solver_1_block_3_linesearch_0 (0 ms)
[ RUN      ] laplace_disease_map_test.laplace_marginal_neg_binomial_2_log_lpmf/solver_1_block_3_linesearch_1000
test/unit/math/laplace/laplace_marginal_neg_binomial_log_lpmf_test.cpp:78: Skipped
[  INFO    ] Skipping test for hessian of size 911 with hessian block size of 3
[  SKIPPED ] laplace_disease_map_test.laplace_marginal_neg_binomial_2_log_lpmf/solver_1_block_3_linesearch_1000 (0 ms)
[ RUN      ] laplace_disease_map_test.laplace_marginal_neg_binomial_2_log_lpmf/solver_2_block_1_linesearch_0
test/unit/math/laplace/laplace_marginal_neg_binomial_log_lpmf_test.cpp:79: Skipped
[  INFO    ] Skipping test for zero line search steps.
[  SKIPPED ] laplace_disease_map_test.laplace_marginal_neg_binomial_2_log_lpmf/solver_2_block_1_linesearch_0 (0 ms)
[ RUN      ] laplace_disease_map_test.laplace_marginal_neg_binomial_2_log_lpmf/solver_2_block_1_linesearch_1000
[       OK ] laplace_disease_map_test.laplace_marginal_neg_binomial_2_log_lpmf/solver_2_block_1_linesearch_1000 (635770 ms)
[ RUN      ] laplace_disease_map_test.laplace_marginal_neg_binomial_2_log_lpmf/solver_2_block_2_linesearch_0
test/unit/math/laplace/laplace_marginal_neg_binomial_log_lpmf_test.cpp:78: Skipped
[  INFO    ] Skipping test for hessian of size 911 with hessian block size of 2
[  SKIPPED ] laplace_disease_map_test.laplace_marginal_neg_binomial_2_log_lpmf/solver_2_block_2_linesearch_0 (0 ms)
[ RUN      ] laplace_disease_map_test.laplace_marginal_neg_binomial_2_log_lpmf/solver_2_block_2_linesearch_1000
test/unit/math/laplace/laplace_marginal_neg_binomial_log_lpmf_test.cpp:78: Skipped
[  INFO    ] Skipping test for hessian of size 911 with hessian block size of 2
[  SKIPPED ] laplace_disease_map_test.laplace_marginal_neg_binomial_2_log_lpmf/solver_2_block_2_linesearch_1000 (0 ms)
[ RUN      ] laplace_disease_map_test.laplace_marginal_neg_binomial_2_log_lpmf/solver_2_block_3_linesearch_0
test/unit/math/laplace/laplace_marginal_neg_binomial_log_lpmf_test.cpp:78: Skipped
[  INFO    ] Skipping test for hessian of size 911 with hessian block size of 3
[  SKIPPED ] laplace_disease_map_test.laplace_marginal_neg_binomial_2_log_lpmf/solver_2_block_3_linesearch_0 (0 ms)
[ RUN      ] laplace_disease_map_test.laplace_marginal_neg_binomial_2_log_lpmf/solver_2_block_3_linesearch_1000
test/unit/math/laplace/laplace_marginal_neg_binomial_log_lpmf_test.cpp:78: Skipped
[  INFO    ] Skipping test for hessian of size 911 with hessian block size of 3
[  SKIPPED ] laplace_disease_map_test.laplace_marginal_neg_binomial_2_log_lpmf/solver_2_block_3_linesearch_1000 (0 ms)
[ RUN      ] laplace_disease_map_test.laplace_marginal_neg_binomial_2_log_lpmf/solver_3_block_1_linesearch_0
test/unit/math/laplace/laplace_marginal_neg_binomial_log_lpmf_test.cpp:79: Skipped
[  INFO    ] Skipping test for zero line search steps.
[  SKIPPED ] laplace_disease_map_test.laplace_marginal_neg_binomial_2_log_lpmf/solver_3_block_1_linesearch_0 (0 ms)
[ RUN      ] laplace_disease_map_test.laplace_marginal_neg_binomial_2_log_lpmf/solver_3_block_1_linesearch_1000
